,AAPL,MSFT,GOOGL,AMZN,TSLA
2020-01-02,72.7174362708,153.3164411759,68.1041947788,94.9005,28.684
2020-01-03,72.0104780091,151.4073832607,67.7479200947,93.7485,29.534
2020-01-06,72.5842763243,151.7987401333,69.5536754418,95.144,30.1026666667
2020-01-07,72.2429026431,150.4146731447,69.4193260498,95.343,31.2706666667
2020-01-08,73.4050258131,152.8105408284,69.9134332583,94.5985,32.8093333333
2020-01-09,74.9642077328,154.7195987437,70.6473790111,95.0525,32.0893333333
2020-01-10,75.1336840284,154.0037020254,71.1036693538,94.158,31.8766666667
2020-01-13,76.7388666569,155.8554882033,71.6545018611,94.565,34.9906666667
2020-01-14,75.7026401637,154.757779902,71.1847765793,93.472,35.8613333333
2020-01-15,75.3782141121,155.7600353075,71.6132018628,93.101,34.5666666667
2020-01-16,76.3224391877,158.6140768908,72.1585608765,93.897,34.2326666667
2020-01-17,77.1673995758,159.5017888214,73.6194861174,93.236,34.0333333333
2020-01-21,76.6444441493,158.9290714468,73.7553282804,94.6,36.48
2020-01-22,76.9180273123,158.1654482807,73.8359379157,94.373,37.9706666667
2020-01-23,77.2884540727,159.1390678175,73.8767403236,94.229,38.1466666667
2020-01-24,77.0657137985,157.5354591687,72.9552030123,93.082,37.6546666667
2020-01-27,74.799573617,154.9009592456,71.2415018782,91.417,37.2013333333
2020-01-28,76.9156062223,157.9363613309,72.1754789481,92.6625,37.7933333333
2020-01-29,78.5256310307,160.3990460416,72.4839849594,92.9,38.7326666667
2020-01-30,78.4118398037,164.9235133008,72.3620753259,93.534,42.7206666667
2020-01-31,74.9351546535,162.4894644588,71.293748864,100.436,43.3713333333
2020-02-03,74.7293620088,166.450759633,73.7727439424,100.21,52.0
2020-02-04,77.1964526551,171.9297558499,71.9222054645,102.4835,59.1373333333
2020-02-05,77.8259360388,171.7197594792,71.9540512464,101.9935,48.98
2020-02-06,78.7362658553,175.2801524912,73.4428415463,102.5115,49.9306666667
2020-02-07,77.6685651929,175.5283300202,73.5990849134,103.964,49.8713333333
2020-02-10,78.037456294,180.1196143064,75.0694643708,106.6955,51.4186666667
2020-02-11,77.566634757,176.0533209469,75.1391270185,107.54,51.6253333333
2020-02-12,79.4086633475,176.3110437654,75.5655619406,108.0,51.1526666667
2020-02-13,78.8431921201,175.3565148078,75.304824602,107.4935,53.6
2020-02-14,78.8626074413,176.9219422983,75.570537844,106.7435,53.3353333333
2020-02-18,77.4185929336,178.7164567387,75.6058667582,107.7835,57.2266666667
2020-02-19,78.5398277278,179.250992955,75.8760583134,108.511,61.1613333333
2020-02-20,77.7340919016,176.5136059417,75.4839571247,107.655,59.9606666667
2020-02-21,75.9745784259,170.9335477992,73.8155367117,104.7985,60.0666666667
2020-02-24,72.3657556142,163.5636596864,70.6508621435,100.4645,55.586
2020-02-25,69.9145713238,160.8645578062,68.9819441401,98.637,53.3273333333
2020-02-26,71.0236715423,162.8745272915,69.1884441316,98.9795,51.92
2020-02-27,66.3809828815,151.3985586588,65.4306418771,94.215,45.2666666667
2020-02-28,66.3421522392,155.0643601486,66.6397864055,94.1875,44.5326666667
2020-03-02,72.5186512679,165.3822035065,68.9819441401,97.6975,49.5746666667
2020-03-03,70.2155088011,157.4571809645,66.5636550834,95.4495,49.7006666667
2020-03-04,73.4724289176,163.2382360555,68.7470814992,98.7915,49.9666666667
2020-03-05,71.0891982511,159.1417268188,65.4211876606,96.2015,48.3026666667
2020-03-06,70.145128262,154.643223685,64.4747708322,95.0545,46.8986666667
2020-03-09,64.5972002543,144.1626685117,60.4965360567,90.0305,40.5333333333
2020-03-10,69.2495965757,154.0210902729,63.451227501,94.591,43.022
2020-03-11,66.844523673,147.043624774,60.25321438,91.043,42.282
2020-03-12,60.243314495,133.0982650594,55.3096543431,83.8305,37.37
2020-03-13,67.4609601183,152.0206920709,60.4209023249,89.25,36.4413333333
2020-03-16,58.7823115813,129.6143179515,53.391443579,84.4575,29.6713333333
2020-03-17,61.3669762043,140.2862987901,55.6335856551,90.392,28.68
2020-03-18,59.8647157333,134.3808170167,54.2965604091,91.5,24.0813333333
2020-03-19,59.406028772,136.5917834505,55.3156254272,94.0465,28.5093333333
2020-03-20,55.634602646,131.4615756213,53.1530978057,92.3045,28.502
2020-03-23,54.4526949734,130.1503098143,52.4524906057,95.1415,28.9526666667
2020-03-24,59.9156809512,141.9804159277,56.2282061124,97.005,33.6666666667
2020-03-25,59.5856204923,140.6212937043,54.8155471346,94.292,35.95
2020-03-26,62.7211948519,149.4173030233,57.8657759244,97.7745,35.2106666667
2020-03-27,60.1243956532,143.2821104515,55.2454651892,95.005,34.2906666667
2020-03-30,61.8402246564,153.3606717278,57.0392783681,98.1975,33.4753333333
2020-03-31,61.7140250692,150.9487083454,57.8175096613,97.486,34.9333333333
2020-04-01,58.4668126132,145.588789718,54.839431471,95.385,32.104
2020-04-02,59.4424324991,148.6037439459,55.5823338499,95.9415,30.298
2020-04-03,58.5881583702,147.2350504393,54.3716965505,95.3295,32.0006666667
2020-04-06,63.6992416529,158.1845984925,58.8743915454,99.8795,34.416
2020-04-07,62.9614594506,156.4809100716,58.8430433539,100.58,36.3633333333
2020-04-08,64.5729311029,158.0506005268,60.0591541471,102.15,36.5893333333
2020-04-09,65.0388988096,158.06017181,60.0377577624,102.138,38.2
2020-04-13,66.3154561727,158.4143092908,60.2288324533,108.4435,43.3966666667
2020-04-14,69.6645990645,166.2531902834,62.9566227021,114.166,47.326
2020-04-15,69.0287472981,164.5112167295,62.5620335618,115.384,48.6553333333
2020-04-16,69.5772301195,169.4499988934,62.5685022362,120.4095,49.6806666667
2020-04-17,68.6331601304,170.9431190824,63.6418046016,118.75,50.2593333333
2020-04-20,67.2085609439,167.5548848072,62.7536058431,119.6805,49.7573333333
2020-04-21,65.1311215849,160.6252757246,60.315910763,116.406,45.7813333333
2020-04-22,67.0071269873,166.0809071847,62.6172660896,118.1745,48.8073333333
2020-04-23,66.7474470674,164.0709376994,63.2521913646,119.9725,47.042
2020-04-24,68.6744176878,167.0667493608,63.5223829197,120.511,48.3433333333
2020-04-27,68.7229559906,166.5881851976,63.2367660641,118.8,53.25
2020-04-28,67.6090019418,162.529961094,61.3324878294,115.704,51.2746666667
2020-04-29,69.829629294,169.8232789406,66.7855803754,118.6355,53.3673333333
2020-04-30,71.3027667833,171.5269673615,67.0104912095,123.7,52.1253333333
2020-05-01,70.1548359226,167.0858919273,65.5485707879,114.302,46.7546666667
2020-05-04,71.1474442144,171.1728298808,65.8262261981,115.7995,50.746
2020-05-05,72.2152868756,173.0105162673,67.1259321686,115.89,51.214
2020-05-06,72.9603498232,174.7142046882,66.9472972362,117.563,52.172
2020-05-07,73.7151204315,175.7287607141,68.1340501992,118.3805,52.0026666667
2020-05-08,75.4649262467,176.7624593065,68.8834212526,118.9805,54.628
2020-05-11,76.6523922773,178.7341436588,69.8412826589,120.45,54.086
2020-05-12,75.7763927465,174.6854908384,68.4276285004,117.8475,53.9606666667
2020-05-13,74.8614599032,172.0438166577,67.091598435,118.396,52.7306666667
2020-05-14,75.3213596569,172.7903767523,67.5160429958,119.4425,53.5553333333
2020-05-15,74.8760598954,175.3076242505,68.3221393481,120.489,53.278
2020-05-18,76.6402256172,176.9825988216,68.9252188413,121.313,54.242
2020-05-19,76.1973591877,175.7574745639,68.3888164538,122.4665,53.8673333333
2020-05-20,77.679258394,178.1885805128,70.1184404788,124.897,54.3706666667
2020-05-21,77.1001253708,176.048321251,69.9985212066,122.337,55.1733333333
2020-05-22,77.596525105,176.1251018523,70.3214573379,121.844,54.4586666667
2020-05-26,77.0709253865,174.2631722703,70.725998285,121.093,54.5913333333
2020-05-27,77.4067252066,174.4935140742,70.6717609379,120.5195,54.682
2020-05-28,77.440791855,174.1000134925,70.5702525083,120.055,53.7206666667
2020-05-29,77.3653585621,175.875564898,71.3305705492,122.1185,55.6666666667
2020-06-01,78.3167913858,175.4724667411,71.3977452452,123.552,59.8733333333
2020-06-02,78.6793578583,177.4687623754,71.7679524589,123.6205,58.7706666667
2020-06-03,79.1124909597,177.9006532578,71.6156898145,123.92,58.864
2020-06-04,78.4311579913,175.5588449176,70.374201914,123.03,57.6253333333
2020-06-05,80.6649567948,179.6666070882,71.6540042708,124.15,59.044
2020-06-08,81.1418898727,180.7799258073,72.0530717242,126.203,63.328
2020-06-09,83.7041885003,182.161976631,72.2540982219,130.043,62.7113333333
2020-06-10,85.8576873468,188.9186695472,72.8820572321,132.3725,68.3366666667
2020-06-11,81.735622888,178.7740325978,69.7571898913,127.898,64.856
2020-06-12,82.4412891767,180.1848761471,70.3055344469,127.251,62.352
2020-06-15,83.4608552973,181.3365851669,70.6946500935,128.634,66.06
2020-06-16,85.6727541126,185.7802624682,71.9749500407,130.7635,65.4753333333
2020-06-17,85.5535208431,186.4233000043,72.2769873776,132.049,66.1193333333
2020-06-18,85.5875874915,188.4195956386,71.3604259697,132.699,66.9306666667
2020-06-19,85.0984877535,187.2966793443,70.8887103265,133.7505,66.7266666667
2020-06-22,87.3249865609,192.4985650837,72.1834403935,135.691,66.288
2020-06-23,89.1889188959,193.7846401558,72.8462307276,138.2205,66.7853333333
2020-06-24,87.6145530725,189.8784270637,71.2897681413,136.72,64.0566666667
2020-06-25,88.7776857829,192.2778208549,71.7077440276,137.729,65.732
2020-06-26,86.0499205772,188.4291932138,67.7986743095,134.6435,63.9826666667
2020-06-29,88.0330861817,190.4542815736,69.52182966,134.019,67.29
2020-06-30,88.7679524547,195.3202521822,70.5607982918,137.941,71.9873333333
2020-07-01,88.6000525447,196.4623636268,71.7525271583,143.935,74.642
2020-07-02,88.6000525447,197.9595853526,73.1422969804,144.515,80.5773333333
2020-07-06,90.9701179419,202.2209087258,74.6211354736,152.852,91.4386666667
2020-07-07,90.6878514264,199.8695028104,74.1369800719,150.006,92.6573333333
2020-07-08,92.7999836285,204.265192236,74.8176836583,154.0555,91.0586666667
2020-07-09,93.1990500814,205.6952309355,75.5670547117,159.1315,92.952
2020-07-10,93.3620833274,205.0713885498,76.5796510554,160.0,102.9766666667
2020-07-13,92.9313835581,198.7369889409,75.2471041225,155.2,99.804
2020-07-14,94.469249401,199.9654785621,75.6765245867,154.2,101.12
2020-07-15,95.1189490531,199.6679537319,75.478483631,150.4435,103.0673333333
2020-07-16,93.9485163466,195.713752764,75.3809559242,149.995,100.0426666667
2020-07-17,93.7587164483,194.7156049468,75.47699086,148.0985,100.056
2020-07-20,95.7345820567,203.0846904907,77.8151678719,159.842,109.5333333333
2020-07-21,94.4132827644,200.3493815687,77.4210763219,156.9145,104.5573333333
2020-07-22,94.6785159556,203.2286541181,77.8654244963,154.9955,106.1553333333
2020-07-23,90.3690849305,194.3892873912,75.4720149565,149.3275,100.8713333333
2020-07-24,90.1452183837,193.1991880708,75.0470728054,150.4455,94.4666666667
2020-07-27,92.2816839061,195.6465697378,76.1029595088,152.7605,102.64
2020-07-28,90.7657180514,193.8902134826,74.82017161,150.0165,98.4326666667
2020-07-29,92.5055504528,195.8481188163,75.808386027,151.6765,99.9406666667
2020-07-30,93.6248831866,195.6945576136,76.5478052736,152.594,99.166
2020-07-31,103.4263446035,196.759888457,74.0389547747,158.234,95.384
2020-08-03,106.0324432077,207.8258926222,73.7807053878,155.5945,99.0
2020-08-04,106.7405428284,204.7066806936,73.3099849253,156.9415,99.1333333333
2020-08-05,107.1274426212,204.3707655628,73.5980897327,160.2515,99.0013333333
2020-08-06,110.8650406192,207.643538694,74.8848583543,161.25,99.3053333333
2020-08-07,108.3489753002,203.9292771052,74.55744391,158.373,96.8473333333
2020-08-10,109.9238079708,199.8695028104,74.4803174071,157.408,94.5713333333
2020-08-11,106.6546893775,195.1954837051,73.6702403321,154.0335,91.626
2020-08-12,110.1992817971,200.7716748759,74.9988065423,158.112,103.6506666667
2020-08-13,112.1495389743,200.3013936928,75.4670390531,158.051,108.0666666667
2020-08-14,112.0495882939,200.4933451961,74.8689354634,157.401,110.0473333333
2020-08-17,111.7570497174,201.8178105689,75.4466378492,159.1205,122.376
2020-08-18,112.6882975195,202.9791171639,77.4141100571,165.6245,125.806
2020-08-19,112.8296911648,201.7506275427,76.8583016463,163.024,125.2353333333
2020-08-20,115.333333816,206.4456349934,78.4326774849,164.8685,133.4553333333
2020-08-21,121.2767425635,204.9447719559,78.3988413417,164.236,136.6653333333
2020-08-24,122.727246339,205.5893733887,78.8755328883,165.373,134.28
2020-08-25,121.7204260713,208.2639882889,79.905544894,167.3245,134.8893333333
2020-08-26,123.3757068505,212.7665774014,81.810320719,172.0925,143.5446666667
2020-08-27,121.9008248602,217.990735282,81.0335821968,170.0,149.25
2020-08-28,121.703361321,220.2324089214,81.5764532588,170.09,147.56
2020-08-31,125.8305930722,216.9805390067,81.0838388213,172.548,166.1066666667
2020-09-01,130.8427540176,218.6545785486,82.3551821423,174.956,158.35
2020-09-02,128.1318965413,222.8685401539,85.4556675564,176.5725,149.1233333333
2020-09-03,117.8735437893,209.0625243922,81.0828436406,168.4,135.6666666667
2020-09-04,117.9515540764,206.1281447355,78.679482294,164.731,139.44
2020-09-08,110.0140073652,194.9775020401,75.8128643401,157.492,110.07
2020-09-09,114.4020860139,203.280353331,76.9886703156,163.4305,122.0933333333
2020-09-10,110.6673435196,197.5847705219,75.9347739736,158.7555,123.78
2020-09-11,109.2144019226,196.2955676564,75.4227535128,155.811,124.24
2020-09-14,112.4859583373,197.6232541896,75.0779234066,155.1485,139.8733333333
2020-09-15,112.6663571262,200.8655031873,76.3860884128,157.8065,149.92
2020-09-16,109.3411686391,197.2769011809,75.2401378577,153.905,147.2533333333
2020-09-17,107.5956884655,195.2180249628,73.9936740537,150.4365,141.1433333333
2020-09-18,104.1827384054,192.7935539022,72.2048367782,147.7455,147.3833333333
2020-09-21,107.3421550325,194.8620510372,71.162385014,148.0235,149.7966666667
2020-09-22,109.0291274908,199.5570584879,72.6392331458,156.4495,141.41
2020-09-23,104.4557744103,192.9859722403,70.1298850566,149.993,126.7866666667
2020-09-24,105.5284158577,195.4874106362,70.8001392458,150.9895,129.2633333333
2020-09-25,109.4874379274,199.9418951642,71.6062355981,154.7565,135.78
2020-09-28,112.1007825448,201.5004837032,72.5815126662,158.7025,140.4
2020-09-29,111.2524206728,199.4031238174,72.9477391571,157.244,139.69
2020-09-30,112.9296418451,202.3567453079,72.9268403628,157.4365,143.0033333333
2020-10-01,113.885267862,204.4060006091,74.036466823,161.063,149.3866666667
2020-10-02,110.209033083,198.3736857083,72.4292500219,156.25,138.3633333333
2020-10-05,113.6024805713,202.4048498924,73.7841885202,159.96,141.8933333333
2020-10-06,110.3455510854,198.1043000349,72.2013536458,154.998,137.9933333333
2020-10-07,112.2177979755,201.8756994625,72.6053970026,159.7845,141.7666666667
2020-10-08,112.1105338307,202.5972682306,73.8140439407,159.5275,141.9733333333
2020-10-09,114.0607910079,207.629007773,75.1585330418,164.3325,144.6666666667
2020-10-12,121.3059964212,213.0071003241,77.8524871474,172.1465,147.4333333333
2020-10-13,118.0880720788,214.4117541925,77.975889552,172.1815,148.8833333333
2020-10-14,118.1758336518,212.4875708111,77.7952642582,168.1855,153.7666666667
2020-10-15,117.7077719293,211.3330607823,77.3986847565,166.9325,149.6266666667
2020-10-16,116.0598046145,211.3330607823,78.0072377435,163.6355,146.5566666667
2020-10-19,113.0954137052,206.0992819848,76.1288342065,160.3605,143.61
2020-10-20,114.5873604458,206.5129814118,77.1802425969,160.8505,140.6466666667
2020-10-21,113.9632781491,206.6572951654,78.917330477,159.247,140.88
2020-10-22,112.8711341298,206.7438834175,79.9458497116,158.82,141.93
2020-10-23,112.1787928319,208.0330862831,81.2555074889,160.22,140.21
2020-10-26,112.1885441178,202.1162223852,78.832740119,160.352,140.0933333333
2020-10-27,113.6999934301,205.1660530448,79.5587244264,164.3165,141.56
2020-10-28,108.4342990517,194.9967438739,75.1759487037,158.139,135.34
2020-10-29,112.4518288367,196.959410923,77.4688449946,160.5505,136.9433333333
2020-10-30,106.1524981544,194.7947046189,80.4160725838,151.8075,129.3466666667
2020-11-02,106.0647365814,194.6600117822,80.8245942536,150.224,133.5033333333
2020-11-03,107.6932013244,198.6045877141,81.8864520411,152.4205,141.3
2020-11-04,112.0910312589,208.1870209536,86.8718096666,162.058,140.3266666667
2020-11-05,116.0695559004,214.8254536195,87.7002975843,166.1,146.03
2020-11-06,115.937913541,215.2391530466,87.5624650598,165.5685,143.3166666667
2020-11-09,113.6228671589,210.111204335,87.6465578274,157.187,140.42
2020-11-10,113.280982672,203.0109676576,86.4672687195,151.751,136.7866666667
2020-11-11,116.7193637965,208.3409556241,86.9404771337,156.8695,139.0433333333
2020-11-12,116.4458562071,207.2730338474,86.7210397934,155.514,137.2533333333
2020-11-13,116.494696848,208.3024719565,88.185945757,156.4405,136.1666666667
2020-11-16,117.5105821803,208.9951779738,88.2740192473,156.553,136.03
2020-11-17,116.6216825146,206.3301839905,87.6584999956,156.783,147.2033333333
2020-11-18,115.2932170801,203.6170854227,86.612565099,155.273,162.2133333333
2020-11-19,115.8890729,204.9097085726,87.5047445803,155.851,166.4233333333
2020-11-20,114.6192162347,202.951480965,86.4005916138,154.97,163.2033333333
2020-11-23,111.2101394948,202.6813806053,85.9617169331,154.9195,173.95
2020-11-24,112.4995324165,206.2987961366,87.769960232,155.903,185.1266666667
2020-11-25,113.3395914412,206.308442578,87.7814048098,159.2535,191.3333333333
2020-11-27,113.8866066201,207.6203586106,88.9203891001,159.767,195.2533333333
2020-11-30,116.289566156,206.5013714063,87.2972494081,158.402,189.2
2020-12-01,119.8744692034,208.5657098695,89.3353794445,161.004,194.92
2020-12-02,120.2261218184,207.7554087905,90.8087444439,160.1765,189.6066666667
2020-12-03,120.0893680236,206.6653609104,90.6529986672,159.3365,197.7933333333
2020-12-04,119.4153671782,206.7811182074,90.7485360126,158.129,199.68
2020-12-07,120.8805864074,206.7135931175,90.4136577132,157.9,213.92
2020-12-08,121.4959784836,208.3727810411,90.1300312189,158.8645,216.6266666667
2020-12-09,118.9562651531,204.3116292047,88.4645963479,155.21,201.4933333333
2020-12-10,120.3824118695,203.0768847034,87.9565566098,155.0745,209.0233333333
2020-12-11,119.5716572293,205.7200096516,88.3123337036,155.821,203.33
2020-12-14,118.9562651531,206.6267751447,87.1907650752,157.8485,213.2766666667
2020-12-15,124.9148233517,206.5592500548,87.6296397558,158.256,211.0833333333
2020-12-16,124.8464464544,211.5271673844,87.4360771132,162.048,207.59
2020-12-17,125.7158098637,211.6622175642,86.6060964246,161.804,218.6333333333
2020-12-18,123.7182276479,210.8615629266,85.8950398275,160.0825,231.6666666667
2020-12-21,125.2567078385,214.7201394933,86.3100301718,160.309,216.62
2020-12-22,128.8220746296,216.0224090845,85.5964856229,160.326,213.4466666667
2020-12-23,127.9234068357,213.2056481909,85.995055486,159.2635,215.3266666667
2020-12-24,128.9099877833,214.874482556,86.2901265581,158.6345,220.59
2020-12-28,133.5205442911,217.006346109,88.2705361149,164.198,221.23
2020-12-29,131.7427449597,216.2249843543,87.4644397627,166.1,221.9966666667
2020-12-30,130.6194102173,213.8423133244,86.3941229394,164.2925,231.5933333333
2020-12-31,129.6132930133,214.5561499892,87.2096735081,162.8465,235.2233333333
2021-01-04,126.4093469655,209.9933831991,85.8905615144,159.3315,243.2566666667
2021-01-05,127.9722474766,210.1959584689,86.5832072689,160.9255,245.0366666667
2021-01-06,123.6645029428,204.7457190685,85.7288446536,156.919,251.9933333333
2021-01-07,127.8843343229,210.5721696841,88.2894445479,158.108,272.0133333333
2021-01-08,128.9881328089,211.8551463925,89.4582842587,159.135,293.34
2021-01-11,125.9893174531,209.8004543708,87.3912939826,155.7105,270.3966666667
2021-01-12,125.8134911456,207.3309653681,86.4528385996,156.0415,283.1466666667
2021-01-13,127.8550299383,208.6911136079,86.9414723144,158.2945,284.8033333333
2021-01-14,125.9209405558,205.4884950576,86.1289072877,156.3735,281.6666666667
2021-01-15,124.1919818653,205.1315767251,85.9647024752,155.2125,275.3866666667
2021-01-19,124.8659827108,208.7875780221,88.7935035632,156.038,281.5166666667
2021-01-20,128.9685965525,216.4082667412,93.5504672223,163.169,283.4833333333
2021-01-21,133.6963705986,217.0159925505,93.7534840813,165.3495,281.6633333333
2021-01-22,135.8453588014,217.9613438093,94.171957558,164.6115,282.2133333333
2021-01-25,139.6060881563,221.4147698365,94.2575430967,164.7,293.6
2021-01-26,139.840523233,224.1157734331,94.9377490927,166.3065,294.3633333333
2021-01-27,138.7660291316,224.6656205939,90.5086974683,161.629,288.0533333333
2021-01-28,133.9112694189,230.4824247681,92.2134419762,161.881,278.4766666667
2021-01-29,128.9002196551,223.7588551007,90.9276685354,160.31,264.51
2021-02-01,131.0296716015,231.1769685501,94.1973346654,167.144,279.9366666667
2021-02-02,131.8599624981,231.0419183703,95.4935575035,169.0,290.93
2021-02-03,130.8343090376,234.4085264247,102.447880108,165.6265,284.8966666667
2021-02-04,134.2043132647,233.4535287244,102.186645179,166.55,283.33
2021-02-05,133.7891678165,233.6368111114,103.938163179,167.6075,284.0766666667
2021-02-08,133.9359093723,233.8972650296,103.723701742,166.147,287.8066666667
2021-02-09,133.0554600374,235.1513024138,103.2694017608,165.25,283.1533333333
2021-02-10,132.4489282734,234.2348904792,103.8212294488,164.329,268.2733333333
2021-02-11,132.1945762433,235.8458461958,103.9341824562,163.1065,270.5533333333
2021-02-12,132.4293627326,236.3281682666,104.2466691903,163.8855,272.04
2021-02-16,130.2967187882,235.0837773239,105.0263932545,163.4475,265.4066666667
2021-02-17,127.9977677472,236.106300114,105.4204848045,165.432,266.05
2021-02-18,126.8923146934,235.709889045,104.7830715778,166.4115,262.46
2021-02-19,127.0488390196,232.9833543754,103.9371679983,162.495,260.4333333333
2021-02-22,123.2629068798,226.7374628982,102.2179933705,159.037,238.1666666667
2021-02-23,123.1259480943,225.5385611286,102.5095813102,159.725,232.9466666667
2021-02-24,122.6270268046,226.7761371488,103.6883728278,157.9765,247.34
2021-02-25,118.3617389157,221.4004163108,100.3117247745,152.858,227.4066666667
2021-02-26,118.6258737162,224.678059052,100.6082886176,154.6465,225.1666666667
2021-03-01,125.0140227791,229.0869236241,102.9842824954,157.307,239.4766666667
2021-03-02,122.4020230857,226.1186748881,102.7265306989,154.7265,228.8133333333
2021-03-03,119.4084953472,220.0178118507,100.0858187597,150.25,217.7333333333
2021-03-04,117.5204206624,219.2153211501,101.2063922074,148.8785,207.1466666667
2021-03-05,118.7823980424,223.9239111646,104.3481776199,150.023,199.3166666667
2021-03-08,113.8323162264,219.8534462855,99.8912609364,147.5975,187.6666666667
2021-03-09,118.4546752344,226.0316578241,101.5263427966,153.1425,224.5266666667
2021-03-10,117.3736791066,224.7167333026,101.3188476244,152.882,222.6866666667
2021-03-11,119.3106676433,229.2706263146,104.5208414682,155.6795,233.2
2021-03-12,118.4008699973,227.9363646678,102.0060198852,154.4745,231.2433333333
2021-03-15,121.2965700319,227.0275197779,102.2269499966,154.084,235.98
2021-03-16,122.8422477531,229.8314029488,103.6923535506,154.593,225.6266666667
2021-03-17,122.0498433517,229.1836092507,103.6092559636,156.7865,233.9366666667
2021-03-18,117.9117314779,223.0730776507,100.5799259682,151.3995,217.72
2021-03-19,117.383461877,222.7153408324,100.8595717398,153.748,218.29
2021-03-22,120.7096038087,228.1684101716,101.0451729369,155.5435,223.3333333333
2021-03-23,119.8780683258,229.7057116343,101.5746090597,156.875,220.72
2021-03-24,117.4812895809,227.6559763507,101.1367295597,154.3535,210.09
2021-03-25,117.9704281002,224.6393848014,101.1332464273,152.313,213.4633333333
2021-03-26,118.5769598642,228.6421697419,100.7486090938,152.6015,206.2366666667
2021-03-29,118.7530497312,227.4432679722,101.7965343517,153.7865,203.7633333333
2021-03-30,117.2954169435,224.1656252311,101.8303704949,152.7645,211.8733333333
2021-03-31,119.4965402807,227.9557017931,102.629002992,154.704,222.6433333333
2021-04-01,120.3280757636,234.3176160222,105.975795625,158.05,220.5833333333
2021-04-05,123.1650791759,240.8148901286,110.4133062851,161.3365,230.35
2021-04-06,123.4683450579,239.6449940469,109.9306436545,161.191,230.54
2021-04-07,125.1216332533,241.6173808292,111.4119700993,163.9695,223.6566666667
2021-04-08,127.5281947686,244.8563493197,111.979223088,164.965,227.9333333333
2021-04-09,130.1059547657,247.3701756109,112.9863459379,168.61,225.6733333333
2021-04-12,128.3890785627,247.4281869868,111.6901230999,168.9695,233.9933333333
2021-04-13,131.5097823162,249.9226761526,112.1782592243,170.0,254.1066666667
2021-04-14,129.1619174233,247.1187929817,111.5552761175,166.65,244.0766666667
2021-04-15,131.5782617089,250.8992009811,113.711832655,168.9545,246.2833333333
2021-04-16,131.2456475158,252.0981027507,113.5874350698,169.972,246.5933333333
2021-04-19,131.9108759021,250.1643902191,113.9362458987,168.6005,238.21
2021-04-20,130.2184566251,249.7002992115,113.4013362823,166.7345,239.6633333333
2021-04-21,130.5999846702,251.9434057482,113.3684953198,168.101,248.04
2021-04-22,129.0738724898,248.6464258817,112.0832194692,165.452,239.8966666667
2021-04-23,131.402171842,252.4945138197,114.4422952754,167.044,243.1333333333
2021-04-26,131.7934826575,252.881256326,114.9398856163,170.45,246.0666666667
2021-04-27,131.4706512347,253.2873359577,113.9969519203,170.8715,234.9133333333
2021-04-28,130.6782468333,246.1229310279,117.3835517805,172.925,231.4666666667
2021-04-29,130.5804191294,244.140875683,119.06142641,173.5655,225.6666666667
2021-04-30,128.6042995112,243.8218131153,117.1078867317,173.371,236.48
2021-05-03,129.660838713,243.5124191102,116.5893975964,169.3245,228.3
2021-05-04,125.0727194014,239.5773141083,114.7856326107,165.5935,224.5333333333
2021-05-05,125.3172886611,238.3010638374,115.1807193413,163.527,223.6466666667
2021-05-06,126.9216630046,241.453015264,116.3042783311,165.3185,221.18
2021-05-07,127.5966741613,244.0925328697,117.0297650481,164.5805,224.1233333333
2021-05-10,124.3041096487,238.9875317862,114.0352663766,159.5245,209.68
2021-05-11,123.3829755292,238.0690183336,112.9559929272,161.1955,205.7333333333
2021-05-12,120.3059955978,231.0786475317,109.4823147573,157.597,196.63
2021-05-13,122.4618414096,234.975078283,110.9148773488,158.0735,190.5633333333
2021-05-14,124.8920675974,239.925382364,113.3699880908,161.145,196.58
2021-05-17,123.7357502984,237.0538192545,113.8944483101,163.5195,192.2766666667
2021-05-18,122.3442498198,235.0234210963,112.5783218584,161.614,192.6233333333
2021-05-19,122.1874610335,235.6035348558,113.0276459362,161.59,187.82
2021-05-20,124.7548774094,238.8596547847,114.7916036947,162.384,195.5933333333
2021-05-21,122.9126091702,237.5901556457,114.1536928777,160.154,193.6266666667
2021-05-24,124.5490921274,243.026713027,117.4830698487,162.2495,202.1466666667
2021-05-25,124.3531061445,243.9376513405,117.5741288811,162.9525,201.5633333333
2021-05-26,124.3041096487,243.7147621787,118.4419264356,163.258,206.3766666667
2021-05-27,122.7656196831,241.6021605581,117.5646746646,161.5055,210.2833333333
2021-05-28,122.1090666404,241.9607213837,117.2745794959,161.1535,208.4066666667
2021-06-01,121.7856897686,239.7512114319,118.4852167953,160.9325,207.9666666667
2021-06-02,122.5500351019,239.6543031007,117.9582686243,161.6995,201.7066666667
2021-06-03,121.0605416319,238.1134606343,116.8133132498,159.3505,190.9466666667
2021-06-04,123.3633769309,243.0364038602,119.1017312277,160.311,199.6833333333
2021-06-07,123.37317623,245.9630354629,119.5361275953,159.9005,201.71
2021-06-08,124.1963173582,244.7613721558,119.3440577237,163.2055,201.1966666667
2021-06-09,124.5784900248,245.7498371343,119.8167685475,164.0575,199.5933333333
2021-06-10,123.5789615121,249.2869912237,121.1697166844,167.4825,203.3733333333
2021-06-11,124.794074606,249.9168953766,120.9244046464,167.3415,203.2966666667
2021-06-14,127.8612552382,251.8550620009,121.8553961742,169.1935,205.8966666667
2021-06-15,127.0381141101,250.3723645333,120.8343407947,169.1565,199.7866666667
2021-06-16,127.5378783665,249.4226628874,120.1904588935,170.7625,201.6233333333
2021-06-17,129.1449634262,252.8338361462,121.1567793356,174.462,205.5333333333
2021-06-18,127.8416566399,251.4092836774,119.5321468725,174.345,207.77
2021-06-21,129.6447276825,254.5103502763,121.2254468026,172.698,206.9433333333
2021-06-22,131.2910099388,257.3013102154,121.7409503958,175.272,207.9033333333
2021-06-23,131.0166295628,257.073575637,121.5384311271,175.191,218.8566666667
2021-06-24,130.7324498876,258.4448285237,121.9096335214,172.454,226.6066666667
2021-06-25,130.4384709132,256.8264593924,121.9180925572,170.073,223.9566666667
2021-06-28,132.0749538704,260.4120676474,121.9454600259,172.1945,229.5733333333
2021-06-29,133.5938452378,263.0092109241,121.6832299163,172.407,226.92
2021-06-30,134.2112010839,262.524669268,121.5011118515,172.008,226.5666666667
2021-07-01,134.5149793574,263.2030275865,121.8544009935,171.6485,225.9733333333
2021-07-02,137.1509908273,269.0659816252,124.6538442515,175.549,226.3
2021-07-06,139.169646451,269.0756724583,125.5818502372,183.787,219.86
2021-07-07,141.6684677329,271.2754915769,125.8644815509,184.829,214.8833333333
2021-07-08,140.3651609467,268.8430924634,124.4413731759,186.5705,217.6033333333
2021-07-09,142.1976298867,269.3470157857,124.9135864094,185.967,218.9833333333
2021-07-12,141.5998726389,268.7461841321,126.3635646628,185.9275,228.5666666667
2021-07-13,142.7169927414,272.2930290547,126.7278007923,183.868,222.8466666667
2021-07-14,146.1565467411,273.7757265223,127.6189850929,184.084,217.7933333333
2021-07-15,145.4999936984,272.3414832203,126.3929224929,181.56,216.8666666667
2021-07-16,143.4519401772,272.0701398929,126.358091169,178.6815,214.74
2021-07-19,139.5910163143,268.4457683054,123.9776189782,177.4795,215.4066666667
2021-07-20,143.2167569978,270.6843507565,125.6012562605,178.6595,220.1666666667
2021-07-21,142.4818095619,272.7000440458,126.9343007838,179.26,218.43
2021-07-22,143.8537114421,277.2934989455,127.8025959287,181.9015,216.42
2021-07-23,145.5783880916,280.7143630375,132.3739583906,182.832,214.46
2021-07-26,145.9997579548,280.1135313839,133.389042686,184.991,219.2066666667
2021-07-27,143.8243135447,277.6811322704,131.2643319304,181.3195,214.9266666667
2021-07-28,142.0702389978,277.3710256105,135.4381197099,181.516,215.66
2021-07-29,142.7169927414,277.6423689379,135.1231450241,179.996,225.7833333333
2021-07-30,142.9325773226,276.1015264715,134.0772101275,166.3795,229.0666666667
2021-08-02,142.5994011516,276.0143089735,134.2045932548,166.574,236.5566666667
2021-08-03,144.4024721942,278.2432005915,134.9763558735,168.312,236.58
2021-08-04,144.0007009293,277.652059771,134.4742872195,167.736,236.9733333333
2021-08-05,144.1084932199,280.5690005407,135.5948606672,168.7995,238.21
2021-08-06,143.4225422798,280.5108555419,135.0843329775,167.247,233.0333333333
2021-08-09,143.3734720245,279.4157913992,136.2531726883,167.0935,237.92
2021-08-10,142.8925835222,277.5842239392,136.147683536,166.034,236.6633333333
2021-08-11,143.1477488499,278.0784564284,135.622228136,164.6055,235.94
2021-08-12,146.121406323,280.8500347012,136.5328184598,165.175,240.75
2021-08-13,146.3275013953,283.7960479702,137.0637473536,164.6985,239.0566666667
2021-08-16,148.3099397107,285.4919437665,137.6429425104,164.9495,228.7233333333
2021-08-17,147.3972329616,284.018937132,136.0028847468,162.098,221.9033333333
2021-08-18,143.6384514032,282.2842780032,134.7962281701,160.061,229.6633333333
2021-08-19,143.9721291395,288.1488156813,135.0261149076,159.3875,224.49
2021-08-20,145.4344227483,295.5183257767,136.7671835104,159.9975,226.7533333333
2021-08-23,146.9261585104,295.7999012612,139.3665954513,163.2935,235.4333333333
2021-08-24,146.8378320508,293.8288728694,140.5807158831,165.289,236.1633333333
2021-08-25,145.6012616165,293.236593402,141.3942760905,164.959,237.0666666667
2021-08-26,144.796509429,290.4014195576,140.7588532251,165.8,233.72
2021-08-27,145.836798842,291.013118024,143.309998903,167.4815,237.3066666667
2021-08-30,150.2727499239,294.7706943177,143.8936723728,171.0785,243.6366666667
2021-08-31,149.0067373364,293.1103699089,144.0001567058,173.5395,245.24
2021-09-01,149.6740928089,293.0618224116,144.515660299,173.95,244.6966666667
2021-09-02,150.7928946304,292.4015764478,142.5964543541,173.156,244.13
2021-09-03,151.4308079497,292.3918669483,143.0467736126,173.9025,244.5233333333
2021-09-07,153.7763661545,291.4597549995,143.5851663615,175.4645,250.9733333333
2021-09-08,152.2257460861,291.4888834979,142.9985073495,176.275,251.29
2021-09-09,151.2050847752,288.6148716557,142.8492302473,174.208,251.62
2021-09-10,146.1999187315,287.1196087378,140.1970737303,173.4575,245.4233333333
2021-09-13,146.7691336933,288.3624246695,141.6465543933,172.8585,247.6666666667
2021-09-14,145.3657243909,291.0810845203,141.8575326979,172.5,248.1633333333
2021-09-15,146.2588030379,295.9649627522,143.7334482831,173.7895,251.9433333333
2021-09-16,146.0232658123,296.3533427309,142.9178977143,174.412,252.33
2021-09-17,143.3440298713,291.158760516,140.1214399984,173.126,253.1633333333
2021-09-20,140.2820459386,285.7505693129,138.0509665899,167.7865,243.39
2021-09-21,140.7629344409,286.2360442863,138.3629557337,167.1815,246.46
2021-09-22,143.1379347989,289.9062350848,139.6074291763,169.0025,250.6466666667
2021-09-23,144.0997118033,290.8577660326,140.5354351621,170.8,251.2133333333
2021-09-24,144.1880382629,290.6538665437,141.5296206632,171.276,258.13
2021-09-27,142.6668603477,285.6243458199,140.3921291439,170.29,263.7866666667
2021-09-28,139.2711986788,275.2837288875,135.1753920099,165.798,259.1866666667
2021-09-29,140.1740913769,275.7497848619,133.7060077332,165.056,260.4366666667
2021-09-30,138.8688225851,273.7302089728,133.0317728212,164.252,258.4933333333
2021-10-01,139.9974384577,280.7016295901,135.884955836,164.163,258.4066666667
2021-10-04,136.5527065335,274.8856394094,133.01535234,159.489,260.51
2021-10-05,138.4860745935,280.3715066082,135.3674618814,161.05,260.1966666667
2021-10-06,139.3595251384,284.5951388764,136.9020304928,163.1005,260.9166666667
2021-10-07,140.625537726,286.2845917836,138.5540304246,165.1215,264.5366666667
2021-10-08,140.2427897344,286.2845917836,139.1118291967,164.431,261.83
2021-10-11,140.1544632748,285.6826028167,138.2445292326,162.315,263.98
2021-10-12,138.8786366362,284.3718203886,135.7914088519,162.3665,268.5733333333
2021-10-13,138.2897935722,287.7021787058,136.9189485644,164.214,270.36
2021-10-14,141.0867981261,293.9550963625,140.4707484178,164.993,272.7733333333
2021-10-15,142.1467156412,295.3726832847,140.6867026257,170.451,281.01
2021-10-18,143.8249183735,298.3632091205,142.0899073871,172.337,290.0366666667
2021-10-19,145.9938236591,299.2759020704,142.54669532,172.2075,288.09
2021-10-20,146.4845262124,298.4797231141,141.0857700791,170.753,288.6
2021-10-21,146.7004353359,301.7324054356,141.2022062189,171.7505,298.0
2021-10-22,145.9251253016,300.1788855208,136.9035232638,166.7775,303.2266666667
2021-10-25,145.8760550463,299.1788070757,136.7845991723,166.0185,341.62
2021-10-26,146.5434105188,301.1012879702,138.6371280115,168.8035,339.4766666667
2021-10-27,146.0821501187,313.7818942741,145.5128313421,169.6245,345.9533333333
2021-10-28,149.7329771153,314.9276152112,145.1461072609,172.3285,359.0133333333
2021-10-29,147.01448497,321.9864213237,147.3325192188,168.6215,371.3333333333
2021-11-01,146.1901046804,319.8017839436,142.8054422973,165.9055,402.8633333333
2021-11-02,147.2303940934,323.4525557432,144.7316145069,165.6375,390.6666666667
2021-11-03,148.6730596001,324.2972821968,145.8914975916,169.2,404.62
2021-11-04,148.1529148936,326.6664000667,147.5529517398,173.85,409.97
2021-11-05,148.6828736512,326.297439087,148.1346348484,175.9495,407.3633333333
2021-11-08,147.8572945008,327.2004225374,148.3127721904,174.449,387.6466666667
2021-11-09,148.2209424599,326.1906345929,148.2008143637,178.8115,341.1666666667
2021-11-10,145.3805570498,321.1902423674,145.1903928012,174.1025,355.9833333333
2021-11-11,145.3314154337,322.7728907805,145.0640048546,173.625,354.5033333333
2021-11-12,147.415019956,326.9382660518,147.9614734097,176.2575,344.4733333333
2021-11-15,147.4248482792,326.3071485865,147.7365625756,177.284,337.7966666667
2021-11-16,148.4076806011,329.6472164031,147.1633385029,177.035,351.5766666667
2021-11-17,150.8549330825,329.8705348908,147.3335143995,177.45,363.0033333333
2021-11-18,155.1597386523,331.9618938494,149.116380591,184.803,365.46
2021-11-19,157.7937292749,333.7517080278,148.2087758091,183.8285,379.02
2021-11-22,158.2556604661,330.5611697097,145.5969241097,178.6285,385.6233333333
2021-11-23,158.6389650717,328.4698107512,145.0794301552,179.002,369.6766666667
2021-11-24,159.1598662023,328.6935375235,145.4158012257,179.0205,372.0
2021-11-26,154.1179363911,320.6880099753,141.4977748814,175.228,360.64
2021-11-29,157.4890512551,327.4484493993,144.8291422137,178.0785,378.9966666667
2021-11-30,162.4621828037,321.5731898135,141.2136507967,175.3535,381.5866666667
2021-12-01,161.9412816731,321.0771000141,140.3717279399,172.186,365.0
2021-12-02,160.948621028,320.5031922068,142.2770013552,171.868,361.5333333333
2021-12-03,159.0615829701,314.1999335783,141.3171495876,169.4895,338.3233333333
2021-12-06,162.4818394501,317.2931993868,142.4650905041,171.3685,336.3366666667
2021-12-07,168.2412368563,325.7850894835,146.5597614194,176.1645,350.5833333333
2021-12-08,172.0742829115,325.8337257383,147.4723421046,176.158,356.32
2021-12-09,171.5632101041,324.014729807,146.926983091,174.171,334.6
2021-12-10,176.369260158,333.1972547225,147.2882336785,172.212,339.01
2021-12-13,172.7229522439,330.142897918,145.1237156955,169.5675,322.1366666667
2021-12-14,171.3371586701,319.3845583453,143.2134663768,169.0915,319.5033333333
2021-12-15,176.2218353098,325.5224537073,145.7352542245,173.315,325.33
2021-12-16,169.3026957639,316.0383840117,143.7488735836,168.871,308.9733333333
2021-12-17,168.2019235634,314.968386405,141.0419821291,170.0175,310.8566666667
2021-12-20,166.835786636,311.1844857777,140.9245508087,167.079,299.98
2021-12-21,170.0201633588,318.3631969935,142.7810603706,170.417,312.8433333333
2021-12-22,172.6246690118,324.1120023167,145.7093795268,171.037,336.29
2021-12-23,173.2536816977,325.5613627112,146.2084626387,171.0685,355.6666666667
2021-12-27,177.2341526013,333.1097094638,147.1936915137,169.6695,364.6466666667
2021-12-28,176.2120069866,331.9424393474,145.9800686722,170.661,362.8233333333
2021-12-29,176.3004618955,332.6233469153,145.9482228904,169.201,362.0633333333
2021-12-30,175.1407197557,330.0650799102,145.4959132705,168.6445,356.78
2021-12-31,174.5215353929,327.1469046193,144.1539121211,166.717,352.26
2022-01-03,178.885310902,325.619726217,144.2927398262,170.4045,399.9266666667
2022-01-04,176.6149682385,320.0362841603,143.7035928626,167.522,383.1966666667
2022-01-05,171.91702974,307.7507661853,137.111018436,164.357,362.7066666667
2022-01-06,169.0471593602,305.3189534428,137.0836509672,163.254,354.9
2022-01-07,169.2142408549,305.4745894584,136.3566714792,162.554,342.32
2022-01-10,169.2338975013,305.6983162307,138.0012075559,161.486,352.7066666667
2022-01-11,172.0742829115,306.3889510495,139.062567753,165.362,354.8
2022-01-12,172.5165574564,309.5892166186,140.7489014183,165.207,368.74
2022-01-13,169.2338975013,296.4866095622,137.9191051496,161.214,343.8533333333
2022-01-14,170.0987899446,301.7393250859,138.8082990888,162.138,349.87
2022-01-18,166.8849282521,294.3952506037,135.3425823644,158.9175,343.5033333333
2022-01-19,163.376216863,295.0567036696,134.4653305934,156.299,331.8833333333
2022-01-20,161.6857452694,293.3738892518,132.66504874,151.6675,332.09
2022-01-21,159.6217973935,287.9558104616,129.7232946446,142.643,314.6333333333
2022-01-24,158.8453598593,288.2865369946,130.1736139031,144.544,310.0
2022-01-25,157.036948387,280.6214632303,126.3232598452,139.986,306.1333333333
2022-01-26,156.9484934781,288.6172635275,128.610185052,138.8725,312.47
2022-01-27,156.4865622868,291.6618930811,128.3832838565,139.6375,276.3666666667
2022-01-28,167.4058293827,299.8522383978,132.7083390997,143.978,282.1166666667
2022-01-31,171.779433215,302.4980506616,134.6514293809,149.5735,312.24
2022-02-01,171.6123517202,300.3386009463,136.9806497667,151.1935,310.4166666667
2022-02-02,172.8212354761,304.9104089021,147.2867409075,150.6125,301.8866666667
2022-02-03,169.9317084499,293.0334354679,142.4004037598,138.8455,297.0466666667
2022-02-04,169.6466870765,297.5955161728,142.6024254382,157.6395,307.7733333333
2022-02-07,168.9283038666,292.7416179388,138.5301460882,157.9355,302.4466666667
2022-02-08,172.0478583537,296.2531555389,138.7271918632,161.4135,307.3333333333
2022-02-09,173.4747839077,302.7217774339,140.9096230984,161.1895,310.6666666667
2022-02-10,169.3809836975,294.1326148275,137.9519461121,159.0035,301.5166666667
2022-02-11,165.9563623678,286.9928126156,133.6353499048,153.2935,286.6666666667
2022-02-14,166.1925431491,286.9539036117,134.8728570826,155.167,291.92
2022-02-15,170.0403217121,292.2747098922,135.9501401706,156.5105,307.4766666667
2022-02-16,169.8041409308,291.9342561083,137.0741967507,158.1005,307.7966666667
2022-02-17,166.1925431491,283.3857972566,131.900252386,154.6525,292.1166666667
2022-02-18,164.6376863385,280.6565287521,129.7745464497,152.6015,285.66
2022-02-22,161.7051083033,280.4518336143,129.1878874378,150.1975,273.8433333333
2022-02-23,157.5227403001,273.1900299147,126.9731128304,144.827,254.68
2022-02-24,160.1502514927,287.1482888379,132.0515198497,151.358,266.9233333333
2022-02-25,162.2266741955,289.7995782422,133.8114968854,153.7885,269.9566666667
2022-02-28,162.4923775745,291.2421915946,134.4061173428,153.563,290.1433333333
2022-03-01,160.6029313237,287.4991947884,133.4154149741,151.142,288.1233333333
2022-03-02,163.9094622627,292.6068258469,133.9229571218,152.0525,293.2966666667
2022-03-03,163.5847136883,288.4446913775,133.2541957036,147.8985,279.7633333333
2022-03-04,160.573408726,282.5377745427,131.2708006048,145.641,279.43
2022-03-07,156.7649936266,271.8643852126,125.7694417958,137.453,268.1933333333
2022-03-08,154.9345925711,268.8816846326,126.4919429708,136.0145,274.8
2022-03-09,160.3569096764,281.2121298405,132.7770065667,139.279,286.3233333333
2022-03-10,155.9974060872,278.3756400733,131.7912801014,146.8175,279.4333333333
2022-03-11,152.2677179149,272.9950821644,129.2446127366,145.5245,265.1166666667
2022-03-14,148.2231220341,269.4567804961,125.3440020543,141.853,255.4566666667
2022-03-15,152.6219890869,279.8962325258,128.5753537281,147.3665,267.2966666667
2022-03-16,157.0503787374,286.9533410875,132.6381788616,153.104,280.0766666667
2022-03-17,158.0639879241,287.7623742514,133.1939872724,157.239,290.5333333333
2022-03-18,161.3705188631,292.8407631473,135.4694679013,161.2505,301.7966666667
2022-03-21,162.7482400877,291.6028449327,135.445583565,161.4915,307.0533333333
2022-03-22,166.1334979538,296.3790648156,139.193931603,164.889,331.3266666667
2022-03-23,167.5013783125,291.9245087208,137.6091063672,163.408,333.0366666667
2022-03-24,171.299952546,296.4180543657,140.8897194848,163.6495,337.9733333333
2022-03-25,171.9396088289,296.00866409,140.9902327337,164.7735,336.88
2022-03-28,172.8056050272,302.8513301263,140.7737809354,168.9905,363.9466666667
2022-03-29,176.1121359662,307.4423496464,141.8187206513,169.315,366.5233333333
2022-03-30,174.9410729253,305.9315045814,141.2544532047,166.301,364.6633333333
2022-03-31,171.8313593041,300.52170451,138.3972894672,162.9975,359.2
2022-04-01,171.5361333274,301.6036645243,139.4750701456,163.56,361.53
2022-04-04,175.6004109399,307.0134645957,142.282474849,168.3465,381.8166666667
2022-04-05,172.2741982691,303.0267831016,139.9134472359,164.055,363.7533333333
2022-04-06,169.0955985867,291.9342561083,135.8899317394,158.756,348.5866666667
2022-04-07,169.4006654293,293.7570175738,135.2336100797,157.7845,352.42
2022-04-08,167.3832879218,289.4681670667,132.6451451264,154.4605,341.83
2022-04-11,163.1123521256,278.0539762853,128.2026585628,151.122,325.31
2022-04-12,164.9919575106,274.9348122801,127.0990031867,150.7875,328.9833333333
2022-04-13,167.6883547644,280.3543597391,129.2679994827,155.541,340.79
2022-04-14,162.6596722947,272.761144864,126.1192478054,151.7065,328.3333333333
2022-04-18,162.4431732451,273.4337146027,127.0611863207,152.785,334.7633333333
2022-04-19,164.7360949974,278.0929658354,129.3824452611,158.1155,342.7166666667
2022-04-20,164.5688002773,279.1261889121,127.4229344986,153.998,325.7333333333
2022-04-21,163.7716901402,273.7163888406,124.2129792094,148.296,336.26
2022-04-22,159.2153692332,267.1076601047,119.0589384583,144.35,335.0166666667
2022-04-25,160.2880236152,273.628662353,122.4808672327,146.074,332.6733333333
2022-04-26,154.3047771541,263.393905461,118.0781878964,139.391,292.14
2022-04-27,154.0784372386,276.065509232,113.7436784368,138.167,293.8366666667
2022-04-28,161.0359294228,282.3135846299,117.9513023595,144.5965,292.5033333333
2022-04-29,155.1412507548,270.5094983478,113.5595700107,124.2815,290.2533333333
2022-05-02,155.4463175973,277.2839326715,116.0211494271,124.5,300.98
2022-05-03,156.9421292126,274.6618854297,116.7685301192,124.2535,303.0833333333
2022-05-04,163.3780555046,282.6547431929,121.6717853384,125.9285,317.54
2022-05-05,154.2752545564,270.34379276,115.9440229243,116.407,291.0933333333
2022-05-06,155.0034786323,267.7899772308,115.1886807868,114.7725,288.55
2022-05-09,149.8590345933,257.8963789019,111.9687736908,108.789,262.37
2022-05-10,152.2735725043,262.6920935599,113.8436940953,108.859,266.68
2022-05-11,144.3795118237,253.9681817329,113.055013405,105.372,244.6666666667
2022-05-12,140.4965406525,248.8995402245,112.3001688578,106.9305,242.6666666667
2022-05-13,144.9806824873,254.5237828213,115.4912157141,113.055,256.53
2022-05-16,143.4334071728,254.894183547,113.8934531294,110.8105,241.4566666667
2022-05-17,147.0798521814,260.0797937055,115.9116795521,115.3685,253.87
2022-05-18,138.7817259728,248.265960036,111.3602207039,107.1125,236.6033333333
2022-05-19,135.3619518702,247.3474697871,109.8520243806,107.319,236.4733333333
2022-05-20,135.5984780329,246.7807417612,108.3831376942,107.591,221.3
2022-05-23,141.0385797754,254.6856206052,110.9507038533,107.557,224.9666666667
2022-05-24,138.3283841609,253.6791898006,105.4592968511,104.1,209.3866666667
2022-05-25,138.4860682694,256.5128299301,105.2950920386,106.775,219.6
2022-05-26,141.6988819796,259.8154863569,107.2730136437,111.0775,235.91
2022-05-27,147.4740624526,266.9875272364,111.7752110482,115.1465,253.21
2022-05-31,146.6856419102,265.6488765546,113.2137447237,120.2095,252.7533333333
2022-06-01,146.557523572,266.1862910619,113.3431182124,121.684,246.79
2022-06-02,149.021337767,268.2968643997,117.0556397459,125.511,258.3333333333
2022-06-03,143.2757230644,263.8412095754,113.9889904749,122.35,234.5166666667
2022-06-06,144.0247225796,262.6002706221,116.257504839,124.79,238.28
2022-06-07,146.557523572,266.2644604448,116.5849192834,123.0,238.8866666667
2022-06-08,145.8183793135,264.222285317,116.6292048237,121.18,241.8666666667
2022-06-09,140.5753827067,258.7308861694,114.2820711857,116.15,239.7066666667
2022-06-10,135.1451362211,247.2009021942,110.6257773607,109.65,232.23
2022-06-13,129.9711264117,236.716433715,105.8797606892,103.67,215.7366666667
2022-06-14,130.8383890083,238.8954052629,106.2012040494,102.31,220.89
2022-06-15,133.4697425685,245.9990479324,109.2355099482,107.67,233.0
2022-06-16,128.1774696778,239.3644215602,105.5224908244,103.66,213.1
2022-06-17,129.6557581947,241.9830958868,106.6271413812,106.22,216.76
2022-06-21,133.9033738668,247.9337401587,111.0064339715,108.68,237.0366666667
2022-06-22,133.3909005143,247.3376986143,110.950206263,108.95,236.0866666667
2022-06-23,136.2686354939,252.9365806632,111.7010700874,112.44,235.07
2022-06-24,139.6095675423,261.5742974718,117.4064409362,116.46,245.7066666667
2022-06-27,139.6095675423,258.828597898,115.2752615061,113.22,244.92
2022-06-28,135.4506491812,250.6110415225,111.4677002175,107.4,232.6633333333
2022-06-29,137.2147401448,254.3045448637,111.1631749289,108.92,228.49
2022-06-30,134.7410706931,250.9530325726,108.4378726317,106.21,224.4733333333
2022-07-01,136.9190824414,253.6401051092,108.213459388,109.56,227.2633333333
2022-07-05,139.5110149745,256.8352786345,112.7171495635,113.5,233.0666666667
2022-07-06,140.8513298965,260.1183927156,114.019841076,114.33,231.7333333333
2022-07-07,144.231682972,262.258279572,118.2105469271,116.33,244.5433333333
2022-07-08,144.9116956898,261.5352127804,118.7782975061,115.54,250.7633333333
2022-07-11,142.7731049686,258.4572933293,115.1190181391,111.75,234.3433333333
2022-07-12,143.7487753898,247.8653419487,113.47099893,109.22,233.07
2022-07-13,143.3841308889,246.937080527,110.8168520516,110.4,237.04
2022-07-14,146.3209974093,248.265960036,109.8356038993,110.63,238.3133333333
2022-07-15,147.9963910619,250.8455496711,111.2388086607,113.55,240.0666666667
2022-07-18,144.9412614601,248.4320699746,108.5045497374,113.76,240.5466666667
2022-07-19,148.8143773746,253.5912492449,113.2615133965,118.21,245.53
2022-07-20,150.8248497577,256.2685506086,113.3510796578,122.77,247.5
2022-07-21,153.1014140738,258.7797420337,113.7889591578,124.63,271.7066666667
2022-07-22,151.8596517196,254.4022565923,107.379995567,122.42,272.2433333333
2022-07-25,150.7361524467,252.9072671447,106.9918751011,121.14,268.4333333333
2022-07-26,149.4056927814,246.1358443524,104.5138752034,114.81,258.86
2022-07-27,154.5205710501,262.5904994493,112.5151278851,120.97,274.82
2022-07-28,155.0724654298,270.0849890332,113.669537476,122.28,280.9
2022-07-29,160.1577779281,274.3159068817,115.7594169078,134.95,297.15
2022-08-01,159.1722522501,271.6483766908,114.3064531124,135.39,297.2766666667
2022-08-02,157.6939637332,268.5313725484,114.5751518965,134.16,300.5866666667
2022-08-03,163.7253808824,276.0063197865,117.5109349078,139.52,307.3966666667
2022-08-04,163.4100126654,277.1593181841,117.6204047828,142.57,308.6333333333
2022-08-05,163.1833417595,276.4362513924,116.9038746919,140.8,288.17
2022-08-08,162.7096314236,273.9055176216,116.734693976,139.41,290.4233333333
2022-08-09,162.7589762502,275.8402098479,116.0679229192,137.83,283.3333333333
2022-08-10,167.0223692735,282.5432344301,119.1231276123,142.69,294.3566666667
2022-08-11,166.2821968737,280.452203438,118.267272226,140.64,286.63
2022-08-12,169.8448933584,285.2303069667,121.0935853623,143.55,300.03
2022-08-15,170.9206105796,286.7546099329,121.491657635,143.18,309.32
2022-08-16,170.7627071343,286.0120007956,121.1134889759,144.78,306.5633333333
2022-08-17,172.2627898647,285.2596204853,118.97385051,142.1,303.9966666667
2022-08-18,171.8680312514,284.1335441309,119.5908625328,142.3,302.87
2022-08-19,169.2724933692,280.1971728747,116.6451277146,138.23,296.6666666667
2022-08-22,165.3742520631,271.9719195036,113.6894410896,133.22,289.9133333333
2022-08-23,165.0387072419,270.6891716565,113.3112724306,133.62,296.4533333333
2022-08-24,165.3347762018,270.052693717,113.1420917146,133.8,297.0966666667
2022-08-25,167.8020175347,273.0490360165,116.0878265328,137.28,296.07
2022-08-26,161.4760107571,262.5128781268,109.8082364306,130.75,288.09
2022-08-29,159.2653625228,259.7123751933,108.8926702033,129.79,284.82
2022-08-30,156.8277280859,257.4993903578,108.4149834761,128.73,277.7
2022-08-31,155.1598729448,256.0305951129,107.6984533852,126.77,275.61
2022-09-01,155.8901763794,254.9828545049,109.2111280215,127.82,277.16
2022-09-02,153.7683488331,250.7331402632,107.3302365329,127.51,270.21
2022-09-06,152.5051212706,247.9815971712,106.2952486238,126.11,274.42
2022-09-07,153.9163833131,252.7209098279,108.9225256238,129.48,283.7
2022-09-08,152.4360385133,253.1419644647,107.8576822943,129.82,289.26
2022-09-09,155.3079074248,258.9583936343,110.116742442,133.27,299.68
2022-09-12,161.2885004158,261.1028346918,110.3257303851,136.45,304.42
2022-09-13,151.8241626627,246.7478091655,103.8172487261,126.82,292.13
2022-09-14,153.2749005665,246.9730244364,104.4939715897,128.55,302.61
2022-09-15,150.373424759,240.2753181199,102.4140439648,126.28,303.75
2022-09-16,148.7253075486,239.6486321487,102.3045740898,123.53,303.35
2022-09-19,152.455776444,239.4332088462,102.5732728739,124.66,309.07
2022-09-20,154.8440660542,237.4062714083,100.652574158,122.19,308.73
2022-09-21,151.7057350788,233.9790825037,98.8015380898,118.54,300.8
2022-09-22,150.7385764762,235.9668520683,99.6573934762,117.31,288.59
2022-09-23,148.4588454846,232.9705097689,98.2641405216,113.78,275.33
2022-09-26,148.7943903059,232.5102872588,97.696887533,115.15,276.01
2022-09-27,149.7714178737,231.4919225557,97.0301164762,114.41,282.94
2022-09-28,147.8765765301,236.054979783,99.5678272148,118.01,287.81
2022-09-29,140.6130180459,232.5592471003,96.9505020216,114.8,268.21
2022-09-30,136.389100884,228.0549416828,95.1890322149,113.0,265.25
2022-10-03,140.5834111499,235.7318448292,98.1646224535,115.88,242.4
2022-10-04,144.185583496,243.7025070245,101.1501644989,121.09,249.44
2022-10-05,144.481652456,244.0158500101,100.9411765557,120.95,240.81
2022-10-06,143.5243628188,241.65598565,100.9312247489,120.3,238.13
2022-10-07,138.2543353317,229.3670654348,98.2044296807,114.56,223.07
2022-10-10,138.5800111876,224.4808732537,97.3883815216,113.67,222.96
2022-10-11,137.1588801798,220.7207574269,96.711658658,112.21,216.5
2022-10-12,136.5272663986,221.053684349,97.0898273171,112.9,217.24
2022-10-13,141.1163352779,229.3670654348,98.5825983398,112.53,221.72
2022-10-14,136.5667422599,223.805227441,96.0946466353,106.9,204.99
2022-10-17,140.5439352886,232.5886230052,99.4882127603,113.79,219.35
2022-10-18,141.8663766431,233.5384439302,100.2843573057,116.36,220.19
2022-10-19,141.9749352617,231.5604663338,99.1498513284,115.07,222.04
2022-10-20,141.5110938911,231.2373313799,99.4882127603,115.25,207.28
2022-10-21,145.3402524398,237.0831364544,100.6426223512,119.32,214.44
2022-10-24,147.4916868821,242.1064161918,102.0259234989,119.82,211.25
2022-10-25,150.343817863,245.4454773817,103.9764776352,120.6,222.415
2022-10-26,147.3929972288,226.5078106915,94.4725021239,115.66,224.64
2022-10-27,142.9026180029,222.0328811789,91.7755624763,110.96,225.09
2022-10-28,153.6992660758,230.9631562676,95.8259478512,103.41,228.52
2022-10-31,151.3307143962,227.3009601238,94.0545262376,102.44,227.54
2022-11-01,148.6759627219,223.4233406774,90.0339962831,96.79,227.82
2022-11-02,143.1296042055,215.5212222601,86.5508638968,92.12,214.98
2022-11-03,137.0601905265,209.7929208052,83.0279242832,89.3,215.31
2022-11-04,136.7937284626,216.7843861707,86.1627434309,90.98,207.47
2022-11-07,137.3275383583,223.1295816284,88.0635385331,90.53,197.08
2022-11-08,137.9008897278,224.1087784583,88.4715626127,89.98,191.3
2022-11-09,133.3239641404,219.83948028,86.8991771354,86.14,177.59
2022-11-10,145.1864062675,237.9252457281,93.487273249,96.63,190.72
2022-11-11,147.9839655358,241.9693286356,95.945369533,100.79,195.97
2022-11-14,146.5802432174,236.5249942614,95.2387912489,98.49,190.95
2022-11-15,148.3200680628,236.9362569299,97.9655863171,98.94,194.42
2022-11-16,147.0843970078,237.3671035351,98.3736103966,97.12,186.92
2022-11-17,148.9922731166,237.3180059668,97.8859718625,94.85,183.17
2022-11-18,149.5557391177,236.8663083388,96.9604538285,94.14,180.19
2022-11-21,146.3133382696,237.681327972,95.1392731808,92.46,167.87
2022-11-22,148.4584632209,240.6075430406,96.5822851694,93.2,169.91
2022-11-23,149.338261012,243.1115190221,97.9854899307,94.13,183.2
2022-11-25,146.412191954,243.0231433992,96.9903092489,93.41,182.86
2022-11-28,142.5667836311,237.396562076,95.5871044876,93.95,182.92
2022-11-29,139.5517462571,235.9923716237,94.7312491012,92.42,180.83
2022-11-30,146.3331090065,250.5350713438,100.5032970557,96.54,194.7
2022-12-01,146.6098993228,250.0931932294,100.5032970557,95.5,194.7
2022-12-02,146.1156309008,250.41723718,99.9559476807,94.13,194.86
2022-12-05,144.949157425,245.6842315992,99.0005742262,91.01,182.45
2022-12-06,141.2718003656,240.6959186635,96.5126225217,88.25,179.82
2022-12-07,139.324382783,239.9594551395,94.4824539308,88.46,174.04
2022-12-08,141.0147807861,242.9347677764,93.2583816921,90.35,173.44
2022-12-09,140.5303977326,240.9905040731,92.3826226922,89.09,179.05
2022-12-12,142.833688579,247.9525392531,92.8603094194,90.55,167.82
2022-12-13,143.802454686,252.2829447741,95.1691286012,92.49,160.95
2022-12-14,141.5683614187,252.5775301837,94.6118274194,91.58,156.8
2022-12-15,134.935279196,244.5157094745,90.422116749,88.45,157.67
2022-12-16,132.9680908766,240.2736795764,89.8250083399,87.86,150.23
2022-12-19,130.8526220306,236.1102057875,88.013779499,84.92,149.87
2022-12-20,130.7834244515,237.4358401307,88.5909842945,85.19,137.8
2022-12-21,133.8973155099,240.0183722214,89.1482854763,86.77,137.57
2022-12-22,130.7142268724,233.8909957019,87.3370566354,83.79,125.35
2022-12-23,130.3484682402,234.4212494392,88.7999722376,85.25,123.15
2022-12-27,128.5394458158,232.6831955226,86.9688397831,83.04,109.1
2022-12-28,124.5951838085,230.2970537049,85.605442249,81.82,112.71
2022-12-29,128.1242603413,236.6600985521,88.0237313058,84.18,121.82
2022-12-30,128.4405921314,235.4915764274,87.8047915558,84.0,123.18
2023-01-03,123.6363030699,235.2559080997,88.6905023626,85.82,108.1
2023-01-04,124.9115155986,224.9650577913,87.6555144536,85.14,113.64
2023-01-05,123.5868762277,218.2976080209,85.7845747718,83.12,110.34
2023-01-06,128.1341457098,220.870320598,86.919080749,86.08,113.06
2023-01-09,128.6580702371,223.020794088,87.5958036127,87.36,119.77
2023-01-10,129.2314216065,224.71956995,87.9938758854,89.87,118.85
2023-01-11,131.9597832958,231.5146733979,91.078935999,95.09,123.22
2023-01-12,131.8807003483,234.2052201388,90.6908155331,95.27,123.56
2023-01-13,133.2152250876,234.9122251218,91.6760444081,98.12,122.4
2023-01-17,134.3816985634,236.012010651,90.8500444422,96.05,131.49
2023-01-18,133.6600666673,231.5539514525,90.6808637263,95.46,128.78
2023-01-19,133.719378878,227.7439801551,92.6015624422,93.68,127.17
2023-01-20,136.2895746722,235.8843569735,97.5476104307,97.25,133.42
2023-01-23,139.4924340465,238.2017621956,99.3090802375,97.52,143.75
2023-01-24,140.8961563649,237.6715084583,97.2291526126,96.32,143.89
2023-01-25,140.2338366794,236.2673180059,94.7611045217,97.18,144.43
2023-01-26,142.3097640517,243.5239385955,97.0500200898,99.22,160.27
2023-01-27,144.2571816342,243.681050814,98.8911043512,102.24,177.9
2023-01-30,141.3607686815,238.3294158731,96.4728152944,100.55,166.66
2023-01-31,142.6359812102,243.3373678361,98.3636585898,103.13,173.22
2023-02-01,143.7629132123,248.1882075807,99.9459958739,105.15,181.41
2023-02-02,149.091126801,259.8243312596,107.2207666579,112.91,188.27
2023-02-03,152.7289423867,253.6871352265,104.2750318397,103.39,189.98
2023-02-06,149.990695329,252.1356520693,102.404092158,102.18,194.76
2023-02-07,152.8772229133,262.7309073009,107.1212485897,102.11,196.81
2023-02-08,150.1785173293,261.9158876677,98.8911043512,100.05,201.29
2023-02-09,149.1405536432,258.8620189216,94.5521165785,98.24,207.32
2023-02-10,149.5063122755,258.3514042117,94.1142370785,97.61,196.89
2023-02-13,152.3180328692,266.4230444345,94.1540443058,99.54,194.64
2023-02-14,151.6745052685,267.257703095,94.2237069535,99.7,209.25
2023-02-15,153.7832957138,265.1268686323,96.4728152944,101.16,214.24
2023-02-16,152.1794269245,258.0685007127,95.0497069194,98.15,202.04
2023-02-17,151.0309776679,254.0421792635,93.8952973285,97.2,208.31
2023-02-21,147.0015048451,248.7360979404,91.3476347831,94.58,197.37
2023-02-22,147.427223104,247.5941583607,91.2083094876,95.79,200.86
2023-02-23,147.9123439107,250.803402352,90.4519721694,95.82,202.07
2023-02-24,145.2491296863,245.3398121214,88.7004541695,93.5,196.88
2023-02-27,146.4470810661,246.2651769532,89.436887874,93.76,207.63
2023-02-28,145.9421594101,245.5366982558,89.6259722035,94.23,205.71
2023-03-01,143.8630702387,242.4357416384,89.9245264081,92.17,202.77
2023-03-02,144.4570957163,247.2003860918,91.5566227263,92.13,190.9
2023-03-03,149.5261131247,251.3153063015,93.1986708512,94.9,197.79
2023-03-06,152.29823202,252.8707067636,94.6715382603,93.75,193.81
2023-03-07,150.0904373284,250.1930553352,93.4076587944,93.55,187.71
2023-03-08,151.3477912559,249.7500615328,93.7957792603,93.92,182.0
2023-03-09,149.0904944412,248.3915472051,91.8750805444,92.25,172.92
2023-03-10,147.0213056944,244.7196207979,90.1932251922,90.73,173.44
2023-03-13,148.9716893457,249.9666362806,90.6709119194,92.43,174.48
2023-03-14,151.0705793664,256.7296749985,93.5171286694,94.88,183.26
2023-03-15,151.4665963514,261.3072776242,95.6468153285,96.2,180.45
2023-03-16,154.2981177944,271.8997516569,99.8365259989,100.04,184.13
2023-03-17,153.4565817012,275.079462728,101.1302608852,98.95,180.13
2023-03-20,155.8326836114,267.9915618883,100.7321886125,97.71,183.25
2023-03-21,157.6939634411,269.5174294302,104.4143571352,100.61,197.58
2023-03-22,156.2584018703,268.0506277286,102.8718270784,98.7,191.15
2023-03-23,157.3474485792,273.3370204383,105.0910799988,98.71,192.22
2023-03-24,158.6543046298,276.2017136943,104.9318510897,98.13,190.41
2023-03-27,156.7039209785,272.0769491779,101.966212658,98.04,191.81
2023-03-28,156.0801942271,270.9448539049,100.543104283,97.24,189.19
2023-03-29,159.1691267103,276.142647854,100.9013693284,100.25,193.88
2023-03-30,160.7432942258,279.6275324335,100.4037789875,102.0,195.28
2023-03-31,163.2580020808,283.8113627903,103.2300921239,103.29,207.46
2023-04-03,164.5153560083,282.758021971,103.8570559534,102.41,194.77
2023-04-04,163.9807330785,282.7088004374,104.2153209988,103.95,192.58
2023-04-05,162.1293536735,279.9130173284,103.9665258284,101.1,185.52
2023-04-06,163.0203918898,287.0599840085,107.8974895215,102.06,185.06
2023-04-10,160.4165802132,284.884392223,105.9270317715,102.17,184.51
2023-04-11,159.1988279842,278.4265270134,104.8422848284,99.92,186.79
2023-04-12,158.5057982604,279.0762512571,104.1357065443,97.83,180.54
2023-04-13,163.9114301061,285.3273860254,106.9122606465,102.4,185.9
2023-04-14,163.5649152442,281.6849925384,108.3453208283,102.51,185.0
2023-04-17,163.5847160935,284.3035781264,105.4592968511,102.74,187.04
2023-04-18,164.8123687471,283.8802729373,103.9963812488,102.3,184.31
2023-04-19,165.9608180037,283.9590273911,103.6779234307,104.3,180.59
2023-04-20,164.9905763903,281.6554596182,104.7825739875,103.81,162.99
2023-04-21,163.3768071763,281.3109088829,104.9019956693,106.96,165.08
2023-04-24,163.6837203397,277.3830305009,105.4592968511,106.21,162.55
2023-04-25,162.1392540981,271.1318957326,103.3495138057,102.57,160.67
2023-04-26,162.1293536735,290.7712876426,103.2101885102,104.98,153.75
2023-04-27,166.7330511245,300.0840018015,107.0714895556,109.82,160.19
2023-04-28,167.990405052,302.4761683349,106.8226943852,105.45,164.31
2023-05-01,167.9013012304,300.8026361922,106.6833690897,102.05,161.83
2023-05-02,166.8617566446,300.6549715913,104.8124294079,103.63,160.31
2023-05-03,165.7826103604,299.6606966124,104.9019956693,103.65,160.61
2023-05-04,164.1391398725,300.6549715913,104.1854655784,104.0,161.2
2023-05-05,171.8416702315,305.8133883136,105.0612245784,105.655,170.06
2023-05-08,171.7723672591,303.8445269692,107.2506220784,105.83,171.79
2023-05-09,170.0595937988,302.2202163601,106.832646192,106.62,169.15
2023-05-10,171.8268195945,307.4475432294,111.2114411919,110.19,168.54
2023-05-11,172.0198778747,305.2817957506,116.0082120783,112.18,172.08
2023-05-12,171.0892379599,304.1595447843,116.9436819192,110.26,167.98
2023-05-15,170.5935282828,304.6419158137,115.9485012373,111.2,166.35
2023-05-16,170.5935282828,306.8864177462,118.9340432828,113.4,166.52
2023-05-17,171.2082082824,309.7806439225,120.2576335896,115.5,173.86
2023-05-18,173.5479579584,314.2399066948,122.2380431464,118.15,176.89
2023-05-19,173.6570140874,314.062325434,122.1683804986,116.25,180.14
2023-05-22,172.7052515073,316.8641631051,124.44734426,115.01,188.87
2023-05-23,170.0879044121,311.0237127484,121.9693443623,114.99,185.77
2023-05-24,170.3655018313,309.6326595384,120.3173444305,116.75,182.9
2023-05-25,171.5056340887,321.5404696408,122.8849105895,115.0,184.47
2023-05-26,173.924697313,328.4168106858,124.00946476,120.11,193.17
2023-05-30,175.7786515054,326.7593855846,123.0739949191,121.66,201.16
2023-05-31,175.7290805377,323.9772791646,122.2778503736,120.58,203.93
2023-06-01,178.5447115037,328.1109762921,123.1237539532,122.77,207.52
2023-06-02,179.3973321484,330.8930827121,124.0691756009,124.25,213.97
2023-06-05,178.0390876331,331.4258264946,125.4027177145,125.3,217.61
2023-06-06,177.672262472,329.1961951084,126.6964526009,126.61,221.31
2023-06-07,176.2941895696,319.0346007377,121.9096335214,121.23,224.57
2023-06-08,179.0205927938,320.889338351,121.5513684759,124.25,234.86
2023-06-09,179.4072463419,322.3987790682,121.6409347373,123.43,244.4
2023-06-12,182.2129631144,327.3907856231,123.0441394986,126.57,249.83
2023-06-13,181.7370818243,329.7979982702,123.2332238282,126.66,258.71
2023-06-14,182.3715902111,332.807014079,123.0739949191,126.42,256.79
2023-06-15,184.4139140808,343.4224272274,124.4871514873,127.11,255.9
2023-06-16,183.3332669847,337.7299612547,122.9346696236,125.49,260.54
2023-06-20,183.4224947265,333.5074734968,122.5067419305,125.78,274.45
2023-06-21,182.3815044046,329.0778076012,119.9690311918,124.83,259.46
2023-06-22,185.3954192415,335.1451673468,122.5565009645,130.15,264.61
2023-06-23,185.0781650481,330.5181889392,121.7504046123,129.33,256.6
2023-06-26,183.6802637586,324.1844573023,117.7696818851,127.33,241.05
2023-06-27,186.446323757,330.0742357871,117.7597300782,129.18,250.21
2023-06-28,187.6261127885,331.3370358642,119.6008143396,129.04,256.24
2023-06-29,187.9631953689,330.547785816,118.5260192032,127.9,257.5
2023-06-30,192.3056121405,335.9640142718,119.1231276123,130.36,261.77
2023-07-03,190.8085689156,333.4482797432,119.3221637487,130.22,279.82
2023-07-05,189.6882650453,333.6061297528,121.16324801,130.38,282.48
2023-07-06,190.1641463353,336.6842049408,119.5311516919,128.36,276.54
2023-07-07,189.043842465,332.6886265718,118.9041878623,129.78,274.43
2023-07-10,186.9916044018,327.3710543719,115.8887903964,127.13,269.61
2023-07-11,186.466152144,328.0024544105,116.5754650669,128.78,269.79
2023-07-12,188.1416508527,332.6688953206,118.3568384873,130.8,271.99
2023-07-13,188.9050437555,338.0555268996,123.9398021123,134.3,277.9
2023-07-14,189.0537566586,340.6008583051,124.8155611122,134.68,281.38
2023-07-17,192.3254405276,341.0842739596,124.0492719873,133.56,290.38
2023-07-18,192.0676714955,354.6593747888,123.1635611804,132.83,293.34
2023-07-19,193.4259160108,350.308633898,121.4418986009,135.36,291.26
2023-07-20,191.4728198829,342.2089552783,118.6255372714,129.96,262.9
2023-07-21,190.2930308514,339.1506113415,119.4415854305,130.0,260.02
2023-07-24,191.0960805283,340.4726051722,120.94430826,128.8,269.06
2023-07-25,191.9586153665,346.263727401,121.6210311236,129.13,265.28
2023-07-26,192.8310643982,333.2312359799,128.6470067372,128.15,264.35
2023-07-27,191.5620476248,326.2759699301,128.7763802258,128.25,255.71
2023-07-28,194.1496521393,333.8231735161,131.941054794,132.21,266.44
2023-07-31,194.764332139,331.4060952434,132.0803800894,133.68,267.43
2023-08-01,193.9265827846,331.8204515187,130.9160186917,131.69,261.07
2023-08-02,190.9275392381,323.099238486,127.7612959304,128.21,254.11
2023-08-03,189.5296379486,322.2705259354,127.8309585781,128.91,259.32
2023-08-04,180.4284082768,323.3754760029,127.4925971463,139.57,253.86
2023-08-07,177.3153515045,325.6741667683,130.8961150781,142.22,251.45
2023-08-08,178.257199891,321.6687227736,130.7667415895,139.94,249.7
2023-08-09,176.6610147307,317.9000537934,129.0351272031,137.85,242.19
2023-08-10,176.4429024727,318.5906475856,129.0649826236,138.56,245.34
2023-08-11,176.502387634,316.6964474699,128.9356091349,138.41,242.65
2023-08-14,178.1602929568,319.6857320275,130.6970789417,140.57,239.76
2023-08-15,176.1648500234,317.5350256461,129.1545488849,137.67,232.96
2023-08-16,175.2912232664,316.7655068491,128.0797537486,135.07,225.6
2023-08-17,172.7398360331,313.2854363619,129.2938741804,133.98,219.22
2023-08-18,173.2262872954,312.8899738065,126.8457297031,133.22,215.49
2023-08-21,174.5665101612,318.228718304,127.7513441236,134.68,231.28
2023-08-22,175.9464433341,318.8021390093,128.4579224077,134.25,233.19
2023-08-23,179.8082707029,323.2906390127,131.7320668508,135.52,236.86
2023-08-24,175.1025993075,316.3403846021,129.1545488849,131.84,230.04
2023-08-25,177.3164489303,319.3162403312,129.2540669531,133.26,238.59
2023-08-28,178.885006062,320.0280729309,130.3786211236,133.14,238.82
2023-08-29,182.786543738,324.6846445203,133.9214643508,134.91,257.18
2023-08-30,186.2909783425,325.0603339479,135.225151044,135.07,256.9
2023-08-31,186.5093850318,324.0420178679,135.5137534417,138.01,258.08
2023-09-01,188.0878697404,324.9318086175,135.006211294,138.12,245.01
2023-09-05,188.3261315832,329.7663383568,135.115681169,137.27,256.49
2023-09-06,181.5853069472,329.1039385766,133.8119944758,135.36,251.92
2023-09-07,176.274053368,326.167629103,134.6081390212,137.85,251.49
2023-09-08,176.8895631286,330.4781709565,135.7227413849,138.23,248.5
2023-09-11,178.061017189,334.106539902,136.260138953,143.1,273.58
2023-09-12,175.0231786933,328.0065299854,134.6877534758,141.23,267.48
2023-09-13,172.9483151455,332.2478658917,136.0511510099,144.85,271.3
2023-09-14,174.4672343934,334.8579187572,137.4344521576,144.72,276.04
2023-09-15,173.7425212882,326.4741125834,136.7378256803,140.39,274.39
2023-09-18,176.6810840161,325.3272711728,137.5439220326,139.98,265.28
2023-09-19,177.7731174623,324.9219220536,137.3747413167,137.63,266.5
2023-09-20,174.2190449738,317.1313097128,133.0954643849,135.29,262.59
2023-09-21,172.6703429956,315.9053757912,129.8113681349,129.33,255.7
2023-09-22,173.5241145989,313.4139616924,129.6222838054,129.12,244.88
2023-09-25,174.804772004,313.9379495782,130.4781391917,131.27,246.99
2023-09-26,170.7146103692,308.5992050808,127.9454043565,125.98,244.12
2023-09-27,169.1956911213,309.2418317333,129.9108862031,125.98,240.5
2023-09-28,169.4538081177,310.0821896634,131.6723560099,125.98,246.38
2023-09-29,169.9700421105,312.168254643,130.2293440213,127.12,250.22
2023-10-02,172.4916466135,318.1496257929,133.5233920781,129.46,251.6
2023-10-03,171.1514237477,309.8350255663,131.7917776917,124.72,246.53
2023-10-04,172.4022984224,315.3368983679,134.5882354076,127.0,261.16
2023-10-05,173.6432455204,315.7373042052,134.4190546917,125.96,260.05
2023-10-06,176.2045603305,323.5476896737,136.916958203,127.96,260.53
2023-10-09,177.693696848,326.078650028,137.7529099757,128.26,259.67
2023-10-10,177.098042241,324.6648713926,137.3946449303,129.48,263.62
2023-10-11,178.4978305675,328.6491566379,139.872644828,131.83,262.99
2023-10-12,179.4012400548,327.4034495885,138.3002593507,132.33,258.87
2023-10-13,177.5547107731,324.0123581762,136.698018453,129.79,251.12
2023-10-16,177.4256522749,328.8666610434,138.424656936,132.55,253.92
2023-10-17,175.8670227199,328.2932403381,139.0466448621,131.47,254.85
2023-10-18,174.5665101612,326.3653603807,137.2951268621,128.13,242.68
2023-10-19,174.1892622434,327.5616346106,137.0861389189,128.4,220.11
2023-10-20,171.6279474333,322.9643824045,134.946500453,125.17,211.99
2023-10-23,171.7470783547,325.5843218338,135.8421630667,126.56,212.08
2023-10-24,172.1838917332,326.7805960638,138.1410304416,128.56,216.52
2023-10-25,169.8608387658,336.8055718424,125.0046454418,121.39,212.42
2023-10-26,165.68132894,324.1705431984,121.6906937714,119.57,205.76
2023-10-27,167.0016966522,326.0687634641,121.5812238964,127.74,207.3
2023-10-30,169.0567050464,333.4836863773,123.8601876577,132.71,197.36
2023-10-31,169.533228732,334.274611488,123.4820189986,133.09,200.84
2023-11-01,172.7100533027,342.1443163398,125.8405972145,137.0,205.66
2023-11-02,176.2839809448,344.3687932137,126.8755851236,138.07,218.51
2023-11-03,175.3706438807,348.7979738339,128.4778260213,138.6,219.96
2023-11-06,177.9319586908,352.4856621627,129.6222838054,139.74,219.27
2023-11-07,180.5032010778,356.4402877163,130.3388138963,142.71,222.18
2023-11-08,181.5654517936,359.0800002734,131.2046210895,142.08,222.11
2023-11-09,181.088928108,356.5984727385,129.6123319986,140.6,209.98
2023-11-10,185.2882930874,365.4766071065,131.9510066008,143.56,214.65
2023-11-13,183.697835636,362.5205245051,131.4534162599,142.59,223.71
2023-11-14,186.3220904308,366.0698009395,132.9760427031,145.8,237.41
2023-11-15,186.8886908979,366.2180993978,133.9712233849,143.2,242.84
2023-11-16,188.57855194,372.6574037668,136.2700907598,142.83,233.59
2023-11-17,188.5586712218,366.3964185957,134.6578980553,145.18,234.3
2023-11-20,190.3081744184,373.9155447743,135.5933678962,146.13,235.6
2023-11-21,189.5030053336,369.5863509139,136.3098979871,143.9,241.2
2023-11-22,190.1690093914,374.3217162806,137.8225726235,146.71,234.21
2023-11-24,188.8370012758,373.9056381522,136.0312473962,146.74,235.45
2023-11-27,188.6580748125,375.0746195607,135.7525968053,147.73,236.08
2023-11-28,189.2644367159,379.1264280021,136.5387895439,147.03,246.72
2023-11-29,188.2405797316,375.3123784912,134.3394402371,146.32,244.14
2023-11-30,188.8171205577,375.3718182239,131.8912957599,146.09,240.08
2023-12-01,190.0994268779,371.0129044972,131.2245247031,147.03,238.83
2023-12-04,188.300221886,365.6930484262,128.6470067372,144.84,235.58
2023-12-05,192.2664251554,369.041486698,130.3587175099,146.88,238.72
2023-12-06,191.1729856576,365.3562232746,129.3933922486,144.52,239.37
2023-12-07,193.1113556765,367.4861470274,136.2700907598,146.88,242.64
2023-12-08,194.5427673827,370.7355190782,134.3394402371,147.42,243.84
2023-12-11,192.0278565377,367.8328788011,132.6476330781,145.89,239.74
2023-12-12,193.5487314756,370.8841184098,131.8813439531,147.48,237.01
2023-12-13,196.7793481737,370.8742117877,131.9311029872,148.84,239.29
2023-12-14,196.9284535598,362.5130227301,131.3041391576,147.42,251.05
2023-12-15,196.39167417,367.268201341,131.9609584076,149.97,253.5
2023-12-18,194.721693846,369.1702727854,135.1455365894,154.07,252.08
2023-12-19,195.7654315485,369.7745767339,135.9914401689,153.79,257.22
2023-12-20,193.6680157844,367.1592284979,137.6732955212,152.12,247.14
2023-12-21,193.5189103984,370.0519621529,139.7432713394,153.84,254.5
2023-12-22,192.4453516187,371.0822508519,140.8081146689,153.42,252.54
2023-12-26,191.8986318698,371.1615038288,140.8379700893,153.41,256.61
2023-12-27,191.9980354605,370.5770131245,139.6935123053,153.34,261.44
2023-12-28,192.4254709005,371.7757143993,139.5541870098,153.38,253.18
2023-12-29,191.3817331981,372.5286176794,139.0167894416,151.94,248.48
2024-01-02,184.532825798,367.4068940505,137.5041148053,149.93,248.42
2024-01-03,183.1511158871,367.1394152537,138.2505003166,148.47,238.45
2024-01-04,180.8250718644,364.5042537734,135.7326931917,144.57,237.93
2024-01-05,180.0994256522,364.3160279534,135.0758739417,145.24,237.49
2024-01-08,184.4533029254,371.1912236951,138.1708858621,149.1,240.45
2024-01-09,184.0358078444,372.2809521267,140.2707171007,151.37,234.96
2024-01-10,185.0795455469,379.1957743568,141.5943074075,153.73,233.94
2024-01-11,184.4831240026,381.0384060686,141.3952712712,155.18,227.22
2024-01-12,184.811155852,384.8425489573,141.9625242598,154.62,218.89
2024-01-16,182.5348136247,386.6257409364,141.8032953507,153.16,219.91
2024-01-17,181.5904795129,385.833211168,140.7882110553,151.71,215.55
2024-01-18,187.5049931603,390.1921248947,142.7885242257,153.5,211.88
2024-01-19,190.4175183682,394.9473035056,145.6745482029,155.34,212.19
2024-01-22,192.7336220317,392.8074731307,145.286427737,154.78,208.8
2024-01-23,194.0159283519,395.175155814,146.3313674529,156.02,209.14
2024-01-24,193.3399839351,398.8009795049,147.9833673847,156.87,207.83
2024-01-25,193.0119520857,401.0894092114,151.138090146,157.75,182.63
2024-01-26,191.2723892483,400.1581867334,151.4515720608,159.12,183.25
2024-01-29,190.5865044724,405.8941209329,152.7701864642,161.26,190.93
2024-01-30,186.9185119751,404.7746726349,150.7300660665,159.0,191.59
2024-01-31,183.3002212732,393.867481696,139.4248135212,155.2,187.29
2024-02-01,185.7455496047,400.0095874018,140.4797050439,159.28,188.86
2024-02-02,184.7415733385,407.3801142488,141.6938254757,171.81,187.91
2024-02-05,186.5606590485,401.8621257357,142.987560362,170.31,181.06
2024-02-06,188.1709972181,401.703619782,143.4055362484,169.15,185.1
2024-02-07,188.2803411678,410.1836883049,144.8385964302,170.53,187.58
2024-02-08,187.1968420291,410.2431280375,145.2068132825,169.84,189.56
2024-02-09,187.9622496776,416.6229926738,148.2819215893,174.45,193.57
2024-02-12,186.2702410758,411.3823895797,146.819005987,172.34,188.13
2024-02-13,184.1701598112,402.5258694168,144.4405241575,168.64,184.02
2024-02-14,183.2843435431,406.4092652824,145.2366687029,170.98,188.71
2024-02-15,182.9957067817,403.5013086845,142.0819459416,169.8,200.45
2024-02-16,181.4529930565,401.0201170481,139.8427894075,169.51,199.95
2024-02-20,180.7065186733,399.7596716967,140.4398978166,167.08,193.76
2024-02-21,181.4629460483,399.1542609375,141.8630061916,168.59,194.77
2024-02-22,183.5033093622,408.5530148563,143.3955844416,174.58,197.41
2024-02-23,181.6620058838,407.2528704388,143.266210953,174.99,191.97
2024-02-26,180.3083990023,404.473935806,136.9070063962,174.73,199.4
2024-02-27,181.7714887933,404.4143872067,138.2106930894,173.54,199.73
2024-02-28,180.5671767885,404.6525816038,135.7227413849,173.16,202.04
2024-02-29,179.9003263395,410.5280433989,137.792717203,176.76,201.88
2024-03-01,178.815450236,412.3740499764,136.479078703,178.22,202.64
2024-03-04,174.2768859865,411.7984135168,132.707343919,177.58,188.14
2024-03-05,169.3202960823,399.6207249651,132.0306210553,174.12,180.74
2024-03-06,168.3249969048,399.0649380385,130.7667415895,173.51,176.54
2024-03-07,168.2055610035,406.0618984533,133.7323800212,176.82,178.65
2024-03-08,169.9274285806,403.1638666219,134.7574161235,175.35,175.34
2024-03-11,171.9379329192,401.4766563092,137.0065244644,171.96,177.77
2024-03-12,172.4156765245,412.1557051124,137.8325244303,175.39,177.54
2024-03-13,170.3255482516,411.9770593146,139.1163075098,176.555,169.48
2024-03-14,172.1867577136,422.0209230589,142.4103555666,178.75,162.5
2024-03-15,171.8085440262,413.2871284986,140.4996086575,174.42,163.57
2024-03-18,172.9033731215,414.1803574877,146.9682830893,174.48,173.8
2024-03-19,175.2522791804,418.239587005,146.3214156461,175.9,171.32
2024-03-20,177.8301040503,422.0308478254,148.023174612,178.15,175.66
2024-03-21,170.5644200542,426.1397011754,146.8886686347,178.15,172.82
2024-03-22,171.4701423058,425.514440883,150.0433913961,178.87,170.83
2024-03-25,170.0468644819,419.6786781541,149.3467649188,179.71,172.63
2024-03-26,168.9122234195,418.4777814021,149.9438733279,178.3,177.67
2024-03-27,172.4953004587,418.2594365381,150.1429094642,179.83,179.83
2024-03-28,170.6739029638,417.5547781133,150.2026203051,180.38,175.79
2024-04-01,169.2307191563,421.3758132334,154.7406442142,180.97,175.22
2024-04-02,168.0463131351,418.2693613046,153.8151261801,180.69,166.63
2024-04-03,168.8525054689,417.2868094166,154.1733912256,182.41,168.38
2024-04-04,168.0264071515,414.7361444143,149.8045480324,180.0,171.11
2024-04-05,168.7828345265,422.3186660553,151.7650539756,185.07,164.9
2024-04-08,167.6581464558,421.3956627665,154.1037285778,185.19,172.98
2024-04-09,168.8724114524,423.0729483127,155.845294771,185.67,176.88
2024-04-10,166.9912960069,420.0756688159,155.3875116574,185.95,171.76
2024-04-11,174.2171680358,424.7105347928,158.6417524869,189.05,174.6
2024-04-12,175.7200697939,418.7259005657,156.9698489414,186.13,171.05
2024-04-15,171.8782149686,410.5280433989,154.1136803846,183.62,161.48
2024-04-16,168.5837746909,411.4609714542,153.655897271,183.32,157.11
2024-04-17,167.2102618259,408.7415854207,154.7207406006,181.28,155.45
2024-04-18,166.2547746155,401.2285371455,155.2581381687,179.22,149.93
2024-04-19,164.2243642933,396.1172823745,153.3473912597,174.63,147.05
2024-04-22,165.0604156025,397.9434394189,155.5268369528,177.23,142.05
2024-04-23,166.1154327307,404.5037101056,157.4972947028,179.54,144.68
2024-04-24,168.225466987,405.9825003209,158.363101896,176.59,162.13
2024-04-25,169.0913772715,396.0378842421,155.2481863619,173.67,170.18
2024-04-26,168.5041507567,403.2631142874,171.1213182367,179.62,168.29
2024-04-29,172.6844073024,399.2237343033,165.3492702823,180.96,194.05
2024-04-30,169.5293089096,386.4009359262,161.9955113846,175.0,183.28
2024-05-01,168.5041507567,391.9687299583,163.0703065209,179.0,179.99
2024-05-02,172.216616689,394.8469122566,165.8170052027,184.72,180.01
2024-05-03,182.5179631764,403.60055635,166.4340172254,186.21,181.19
2024-05-06,180.85581355,410.4287957334,167.2898726118,188.7,184.76
2024-05-07,181.5425699825,406.2603937842,170.4246917595,188.76,177.81
2024-05-08,181.8809717028,407.4513657697,168.5637038845,188.0,174.72
2024-05-09,183.7023691977,409.2179742149,169.1409086799,189.5,171.97
2024-05-10,182.4383392422,411.6197677189,167.8372219868,187.48,168.47
2024-05-13,185.6575462117,410.6074415313,168.3248605209,186.57,171.89
2024-05-14,186.8037034918,413.4260752303,169.519077339,187.07,177.55
2024-05-15,189.086051467,420.641380509,171.6786194185,185.99,173.99
2024-05-16,189.2056504876,418.5634272017,173.3405711572,183.63,174.84
2024-05-17,189.2355502427,417.7879230966,175.211510839,184.7,177.46
2024-05-20,190.4016406929,422.8883539418,176.0673662253,183.54,174.95
2024-05-21,191.7072633338,426.567027261,176.9928842594,183.15,186.6
2024-05-22,190.2621085023,428.0384965887,175.5299686571,183.13,180.11
2024-05-23,186.2555413143,424.5387857553,172.7136073276,181.05,173.74
2024-05-24,189.3451826782,427.6805716171,174.1466675094,180.75,179.24
2024-05-28,189.3551492632,427.8396493823,175.5498722708,182.15,176.75
2024-05-29,189.6541468146,426.6962779452,175.0522819299,182.02,176.19
2024-05-30,190.650805319,412.2798554781,171.2805471458,179.32,178.79
2024-05-31,191.6075974833,412.7372040529,171.6686676117,176.44,178.08
2024-06-03,193.3816496213,411.1364840411,172.3354386685,178.34,176.29
2024-06-04,193.7005803427,413.6717859232,172.9524506913,179.34,174.77
2024-06-05,195.2155012695,421.566020019,174.5646433958,181.28,175.0
2024-06-06,193.8301459483,422.0730803954,175.8782818958,185.0,177.94
2024-06-07,196.232092944,421.4069422538,173.6192217481,184.3,177.48
2024-06-10,192.4746903822,425.4037711033,174.3656072594,187.06,173.79
2024-06-11,206.4578091998,430.1860464183,175.969679185,187.23,170.66
2024-06-12,212.3580275463,438.5177443682,177.1353712054,186.89,177.29
2024-06-13,213.5241179965,439.034747105,174.5150549543,183.83,182.47
2024-06-14,211.7799656137,440.0190407769,176.1390532392,183.66,178.01
2024-06-17,215.9459981623,445.7856097637,176.587396324,184.06,187.44
2024-06-18,213.5739509217,443.7673106183,174.4453126967,182.81,184.86
2024-06-20,208.9793552161,443.1309995577,175.6508574358,186.1,181.57
2024-06-21,206.7966730914,447.1874825691,178.9685962631,189.08,183.01
2024-06-24,207.4445011193,445.0896445412,178.560105897,185.57,182.58
2024-06-25,208.3713935284,448.3507387268,183.3523953143,186.34,187.35
2024-06-26,212.5374260771,449.5537643258,183.2029476194,193.61,196.37
2024-06-27,213.3845858059,450.239787188,184.7273141076,197.85,197.42
2024-06-28,209.9162142103,444.373794598,181.4793175379,193.25,197.88
2024-07-01,216.0257308427,454.097422993,182.3162246295,197.2,209.86
2024-07-02,219.5339687784,456.6327248752,184.5579400533,200.0,231.26
2024-07-03,220.8096916641,458.1141365632,185.1358044737,197.59,246.39
2024-07-05,225.5836859005,464.8649992219,189.898204352,200.0,251.52
2024-07-08,227.0587404871,463.5526076594,188.3339851451,199.29,252.94
2024-07-09,227.915866801,456.8912262435,188.2841692468,199.34,262.33
2024-07-10,232.2014983702,463.5625500197,190.4760687724,199.79,263.26
2024-07-11,226.809575861,452.0791238476,184.8867249822,195.05,241.03
2024-07-12,229.7696516193,450.9357524106,184.3885659991,194.49,248.23
2024-07-15,233.6167534465,451.3433891838,185.8431902297,192.72,252.64
2024-07-16,234.0353500184,446.9289812008,183.242800338,193.02,256.56
2024-07-17,228.1151985019,440.9635650075,180.3534782361,187.93,248.5
2024-07-18,223.4309035309,437.831721506,177.0357394088,183.75,249.23
2024-07-19,223.5604691365,434.590512041,177.0058498698,183.13,239.2
2024-07-22,223.2116386599,440.3869081088,181.0010849141,182.55,251.51
2024-07-23,224.2581300896,442.2858989303,181.1206430701,186.41,246.38
2024-07-24,217.8097495657,426.4278342165,171.9943704999,180.83,215.99
2024-07-25,216.763258136,415.9883558783,166.6640693809,179.85,220.25
2024-07-26,217.2316876331,422.8187574196,166.3851003504,182.5,219.8
2024-07-29,217.5107520144,424.2703420266,168.9057848048,183.2,232.1
2024-07-30,218.0688807769,420.4823027439,169.6629864591,181.71,222.62
2024-07-31,221.3379206715,415.9386440767,170.9083839168,186.98,232.07
2024-08-01,217.6303510349,414.7057913967,170.1312559032,184.07,216.86
2024-08-02,219.1253387916,406.135476799,166.0463522419,167.9,207.67
2024-08-05,208.5707252293,392.8723681293,158.6636361126,161.02,198.88
2024-08-06,206.5375418802,397.306660833,157.7071708651,161.93,200.64
2024-08-07,209.1188874068,396.133462315,158.3547775431,162.77,191.76
2024-08-08,212.5972255873,400.3689078122,161.4334000585,165.8,198.84
2024-08-09,215.5174350054,403.6797137995,163.0673615231,166.94,200.0
2024-08-12,217.0522891023,404.4651602649,161.6924427297,166.8,197.49
2024-08-13,220.7840758041,411.6236596969,163.5555573265,170.23,207.83
2024-08-14,221.233087573,414.4572323887,159.7795122347,170.1,201.38
2024-08-15,224.2264993659,419.3488736672,160.7060879432,177.59,214.14
2024-08-16,225.5535785941,416.7990954647,162.3599757671,177.06,216.12
2024-08-19,225.3939299651,419.8468772223,166.0563154216,178.22,222.72
2024-08-20,226.0125684023,423.1038204731,166.5644375843,178.88,221.1
2024-08-21,225.9028099699,422.4464557803,165.2393346893,180.11,223.27
2024-08-22,224.036916619,413.8907547025,163.1968828587,176.13,210.66
2024-08-23,226.3418436996,415.1258035193,165.0101815571,177.04,220.32
2024-08-26,226.6810970361,411.8389800552,165.5481932588,175.5,213.21
2024-08-27,227.5292303774,412.1875825438,164.0736426689,173.12,209.21
2024-08-28,225.9926123237,408.9605195063,162.2503807908,170.8,205.75
2024-08-29,229.2853652959,411.4704574244,161.184320567,172.12,206.28
2024-08-30,228.4971001904,415.4744060079,162.7784293129,178.5,214.11
2024-09-03,222.2807817005,407.8051512583,156.7805951565,176.25,210.6
2024-09-04,220.3649981531,407.2673074187,155.8739458073,173.33,219.41
2024-09-05,221.8916381675,406.7593437924,156.6610370006,177.89,230.17
2024-09-06,220.3350640352,400.0960562242,150.3643074544,171.39,210.73
2024-09-09,220.4248663889,404.1000048078,148.3617083424,175.4,216.27
2024-09-10,219.6266232442,412.5461451035,148.3118254467,179.55,226.17
2024-09-11,222.1710232681,421.3508479589,150.8059702309,184.52,228.13
2024-09-12,222.2807817005,425.2950361159,154.3277026662,187.0,229.81
2024-09-13,222.0113746392,428.870701642,157.091215087,186.49,230.29
2024-09-16,215.8449463458,429.6177069748,157.6898098352,184.89,226.78
2024-09-17,216.3139141934,433.4124940652,158.9468588065,186.88,227.87
2024-09-18,220.2053495241,429.0898232063,159.4357111842,186.43,227.2
2024-09-19,228.3673856794,436.9383592358,161.760254123,189.87,243.92
2024-09-20,227.6988570457,433.5320149184,163.2068580978,191.6,238.25
2024-09-23,225.9726562451,431.7790424042,161.4709333281,193.88,250.0
2024-09-24,226.870679783,427.4563715453,161.9099028101,193.96,254.27
2024-09-25,225.872875852,430.3846324497,161.1117764791,192.53,257.02
2024-09-26,227.0203503726,429.5878267615,162.3488722921,191.16,254.22
2024-09-27,227.289757434,426.3109633684,163.5660149468,187.97,260.46
2024-09-30,232.4883159143,428.58185958,165.4615649827,186.33,261.63
2024-10-01,225.7132272231,419.0102312496,166.5988950043,185.13,258.02
2024-10-02,226.2819754637,415.4644459368,165.4715415619,184.76,249.02
2024-10-03,225.1744131003,414.8768017417,165.4715415619,181.96,240.66
2024-10-04,226.3019315423,414.3987183288,166.6687310583,186.51,250.08
2024-10-07,221.2031534551,407.9047519693,162.5982867705,180.8,240.83
2024-10-08,225.2741934934,413.0541087298,163.9950078496,182.72,244.5
2024-10-09,229.0359143132,415.7931282832,161.4809099072,185.17,241.05
2024-10-10,228.5370123477,414.1795967645,161.7003946482,186.65,238.77
2024-10-11,227.0502844905,414.6576801774,162.8576778281,188.82,217.8
2024-10-14,230.7920492317,417.4664202286,164.5736494396,187.54,219.16
2024-10-15,233.3364492556,417.0680173845,165.0724783964,187.69,219.57
2024-10-16,231.2709951185,414.4584787554,164.7731810223,186.89,221.33
2024-10-17,231.640182573,415.0560830216,162.5484038748,187.53,220.89
2024-10-18,234.4839237762,416.4903332605,163.0372562525,188.99,220.7
2024-10-21,235.960673594,417.1078576689,163.6857338964,189.07,218.85
2024-10-22,235.3420351568,425.8029997422,164.753227864,189.7,217.97
2024-10-23,230.2532351089,422.9046190511,162.3987551878,184.71,213.65
2024-10-24,230.063652362,423.0340999754,162.338895713,186.38,260.48
2024-10-25,230.9018076641,426.4404442928,164.8829233928,187.83,269.19
2024-10-28,232.8874374867,424.8866732007,166.3295273676,188.39,262.51
2024-10-29,233.156844548,430.2252713121,169.2825947921,190.83,259.52
2024-10-30,229.5946845145,430.8029554361,174.0513996195,192.73,257.55
2024-10-31,225.4138860438,404.7274892873,170.7092456087,186.4,249.85
2024-11-01,222.4204742509,408.7314378709,170.8888240331,197.93,248.98
2024-11-04,221.522450713,406.8290642902,168.8436253101,195.78,242.84
2024-11-05,222.9592883736,409.8170856212,169.3424542669,199.5,251.44
2024-11-06,222.230891504,418.5022676234,176.0965983425,207.09,288.53
2024-11-07,226.9804382154,423.7313049527,180.3266678965,210.05,296.91
2024-11-08,226.711031154,420.8528444038,177.9322889037,208.18,321.22
2024-11-11,223.9840258885,416.3409321939,179.927604731,206.84,350.0
2024-11-12,223.9840258885,421.3408878878,181.1946302814,208.91,328.49
2024-11-13,224.8730495832,423.5022233173,178.4610475979,214.1,330.24
2024-11-14,227.9696489688,425.1854753338,175.1687764828,211.48,311.18
2024-11-15,224.7531812198,413.3429507918,172.0860135295,202.61,320.72
2024-11-18,227.7698683633,414.0999161957,174.889432267,201.7,338.74
2024-11-19,228.0295831505,416.1218106296,177.7028275835,204.61,346.0
2024-11-20,228.7487933304,413.8309942759,175.5678396483,202.88,342.03
2024-11-21,228.2693198771,412.0481415483,167.2373960691,198.38,339.64
2024-11-22,229.6178389645,416.1699203761,164.3741178568,197.12,352.56
2024-11-25,232.6145480474,417.9563572045,167.2573492274,201.45,338.59
2024-11-26,234.8021456779,427.1380436972,168.7239063605,207.86,338.23
2024-11-27,234.6722882843,422.1479966903,168.833648731,205.74,332.89
2024-11-29,237.0696555507,422.617061109,168.5543045151,207.89,345.16
2024-12-02,239.3271763932,430.1220918074,171.0883556159,210.71,357.09
2024-12-03,242.3838196577,430.3416538757,170.9387069288,213.44,351.42
2024-12-04,242.7434247477,436.5492723523,173.9616104072,218.16,357.93
2024-12-05,242.7733918385,441.7389212394,172.2356622166,220.55,369.49
2024-12-06,242.573611233,442.6870301708,174.3008140979,227.03,389.22
2024-12-09,246.4793220711,445.1321532041,175.1587999037,226.09,389.79
2024-12-10,247.4982031593,442.4475079144,184.9469976516,225.04,400.99
2024-12-11,246.2196072839,448.0962411262,195.1646775456,230.26,424.77
2024-12-12,247.6879947345,448.665106485,191.7288203769,228.97,418.1
2024-12-13,247.8578082492,446.3796649559,189.5913976034,227.46,436.23
2024-12-16,250.7646160597,450.6910655698,196.4231601132,232.93,463.02
2024-12-17,253.2019394471,453.5553525518,195.1846534594,231.15,479.86
2024-12-18,247.777896007,436.5193320702,188.1731077257,220.52,440.13
2024-12-19,249.5159872751,436.1600486857,188.2829752514,223.29,436.17
2024-12-20,254.210831505,435.7309046431,191.1794827482,224.92,421.06
2024-12-23,254.9899758666,434.3835919513,194.3956048654,225.06,430.6
2024-12-24,257.9167617376,438.4554703089,195.8738224845,229.05,462.28
2024-12-26,258.7358622203,437.2378988392,195.3644366833,227.05,454.13
2024-12-27,255.3096248355,429.6729875767,192.5278569278,223.75,431.66
2024-12-30,251.9233435717,423.9843339889,191.0096874812,221.3,417.41
2024-12-31,250.1452961825,420.6609626823,189.0720238454,219.39,403.84
2025-01-02,243.5825032909,417.7467752302,189.2018672849,220.22,379.28
2025-01-03,243.0930408074,422.5072800748,191.5590251099,224.19,410.44
2025-01-06,244.7312417727,426.998322381,196.6329072078,227.61,411.05
2025-01-07,241.9443023256,421.5292308615,195.2545691576,222.11,394.36
2025-01-08,242.4337648091,423.7148714505,193.7164237972,222.13,394.94
2025-01-10,236.5901820974,418.1160387087,191.808724032,218.94,394.74
2025-01-13,234.1428696797,416.3595421623,190.7799644728,218.46,403.31
2025-01-14,233.0240982887,414.8425678722,189.4315902932,217.76,396.36
2025-01-15,237.6090631856,425.4613879029,195.3144968989,223.35,428.22
2025-01-16,228.00960509,423.7348316385,192.6776762811,220.66,413.82
2025-01-17,229.7277182975,428.1759734747,195.7639549588,225.94,426.5
2025-01-21,222.3957700746,427.6470284919,197.8114861203,230.71,424.07
2025-01-22,223.5844646775,445.3117948964,198.1311007407,235.01,415.11
2025-01-23,223.4146511628,445.8207796911,197.7415704221,235.42,412.38
2025-01-24,222.5356164985,443.1760547774,199.9688848076,234.85,406.58
2025-01-27,229.6078499342,433.6949654643,191.5790010237,235.42,397.15
2025-01-28,237.9986353664,446.3098042978,195.0647979768,238.15,398.09
2025-01-29,239.0974286968,441.449498513,195.1746655025,237.07,389.1
2025-01-30,237.3293703379,414.1639214793,200.6280899621,234.64,400.28
2025-01-31,235.7411145239,414.2337821374,203.774296381,237.68,404.6
2025-02-03,227.759879333,410.1020232157,200.9876564099,237.42,383.68
2025-02-04,232.5446248355,411.5491368477,206.1314542061,242.06,392.21
2025-02-05,232.2149868363,412.4673054969,191.0995790932,236.17,378.17
2025-02-06,232.9641641071,414.9922692824,191.3692539291,238.83,374.32
2025-02-07,227.3802961825,408.934352216,185.1167929186,229.15,361.62
2025-02-10,227.65,411.3994354375,186.2454320467,233.14,350.73
2025-02-11,232.62,410.6209881044,185.0968170049,232.76,328.5
2025-02-12,236.87,408.2257655411,183.3888763774,228.93,336.51
2025-02-13,241.53,409.7227796431,185.9158294695,230.37,355.94
2025-02-14,244.6,407.6169798062,185.0069253929,228.68,355.84
2025-02-18,244.47,408.8245711819,183.5486836876,226.65,354.11
2025-02-19,244.87,413.944359411,185.0468772204,226.63,360.56
2025-02-20,245.83,416.13,184.3377322816,222.88,354.4
2025-02-21,245.55,408.21,179.4436334076,216.58,337.8
2025-02-24,247.1,404.0,179.0341271753,212.71,330.53
2025-02-25,247.04,397.9,175.2087396881,212.8,302.8
2025-02-26,240.36,399.73,172.5219792858,214.35,290.8
2025-02-27,237.3,392.53,168.2970735232,208.74,281.95
2025-02-28,241.84,396.99,170.0749298489,212.28,292.98
2025-03-03,238.03,388.49,166.8088679473,205.02,284.65
2025-03-04,235.93,388.61,170.7141590895,203.8,272.04
2025-03-05,235.74,401.02,172.8116300355,208.36,279.1
2025-03-06,235.33,396.89,172.1424369242,200.7,263.45
2025-03-07,239.07,393.31,173.6506184139,199.25,262.67
2025-03-10,227.48,380.16,165.87,194.54,222.15
2025-03-11,220.84,380.45,164.04,196.59,230.58
2025-03-12,216.98,383.27,167.11,198.89,248.09
2025-03-13,209.68,378.77,162.76,193.89,240.68
2025-03-14,213.49,388.56,165.49,197.95,249.98
2025-03-17,214.0,388.7,164.29,195.74,238.01
2025-03-18,212.69,383.52,160.67,192.82,225.31
2025-03-19,215.24,387.82,163.89,195.54,235.86
2025-03-20,214.1,386.84,162.8,194.95,236.26
2025-03-21,218.27,391.26,163.99,196.21,248.71
2025-03-24,220.73,393.08,167.68,203.26,278.39
2025-03-25,223.75,395.16,170.56,205.71,288.14
2025-03-26,221.53,389.97,165.06,201.13,272.06
2025-03-27,223.85,390.58,162.24,201.36,273.13
2025-03-28,217.9,378.8,154.33,192.72,263.55
2025-03-31,222.13,375.39,154.64,190.26,259.16
2025-04-01,223.19,382.19,157.07,192.17,268.46
2025-04-02,223.89,382.14,157.04,196.01,282.76
2025-04-03,203.19,373.11,150.72,178.41,267.28
2025-04-04,188.38,359.84,145.6,171.0,239.43
2025-04-07,181.46,357.86,146.75,175.26,233.29
2025-04-08,172.42,354.56,144.7,170.66,221.86
2025-04-09,198.85,390.49,158.71,191.1,272.2
2025-04-10,190.42,381.35,152.82,181.22,252.4
2025-04-11,198.15,388.45,157.14,184.87,252.31
2025-04-14,202.52,387.81,159.07,182.12,252.35
2025-04-15,202.14,385.73,156.31,179.59,254.11
2025-04-16,194.27,371.61,153.33,174.33,241.55
2025-04-17,196.98,367.78,151.16,172.61,241.37
2025-04-21,193.16,359.12,147.67,167.32,227.5
2025-04-22,199.74,366.82,151.47,173.18,237.97
2025-04-23,204.6,374.39,155.35,180.6,250.74
2025-04-24,208.37,387.3,159.28,186.54,259.51
2025-04-25,209.28,391.85,161.96,188.99,284.95
2025-04-28,210.14,391.16,160.61,187.7,285.88
2025-04-29,211.21,394.04,160.16,187.39,292.03
2025-04-30,212.5,395.26,158.8,184.42,282.16
